"","V1","V2","V3","V4","V5","V6","V7","V8","V9","V10","V11","V12","V13","V14","V15","V16","V17","V18","V19","V20","V21","V22","V23","V24","V25","V26"
"Ang Thong",38.4409654104824,37.3430685337332,39.2765438534574,38.9535103716509,38.6824749343349,32.9750695758445,30.4029944057827,29.6909356859063,26.0816124549972,50.5649066080974,44.6499224155516,30.1213294071903,23.5768438321391,46.4142539271904,39.3322075327269,38.532252055182,38.5390463652979,34.726948788226,41.2786907962715,37.1548458403529,36.3414931028815,34.6903306128854,40.7505852770818,37.454375678409,55.6965706749834,48.6430759962168
"Buri Ram",52.5482515265944,48.4819423509331,48.0420805393042,46.1118775292705,45.3896917139573,34.6584415866455,33.7460263272992,35.2686222227702,34.6610541553601,41.8073691570438,41.7945427744557,36.6950101791656,35.7333620273339,39.2749673976892,38.6505702878172,38.7466855871854,35.1101877679979,34.2861828995497,35.0423029465364,33.7976173084182,36.6278698443303,36.1818450805376,35.4207001700592,35.0712807594286,47.4568251253955,46.8300361918509
"Chachoengsao",44.2691874472589,42.4422231075513,39.5585957002327,38.4796255019174,38.7935448665895,28.6560140719937,25.9770973997694,33.1937362375897,32.6259175666895,40.64677103625,39.2986364722143,44.1655503824656,41.3940503924395,36.9360697194035,35.4371809866326,34.2418729707697,34.3997050441658,34.1322686748013,38.1724096631038,37.7724135538386,36.7913393383954,35.3597234270791,36.6817274217008,35.8602296112,44.0619049523683,43.8843426746147
"Chai Nat",43.2960946363446,40.5253945573427,39.372332747501,38.9762133367144,38.294895286862,35.3545038662583,33.6655275892896,25.6935626186314,20.9287830779616,37.9711158114039,39.3531550538777,39.5695054609189,39.1487791590568,40.2529069986719,37.0001939914551,39.2386544798825,37.1266867610771,34.0538391651647,37.0687746644548,34.5783478726794,39.2609607596245,40.3401436107149,41.4271130969581,42.8289177770432,43.5390550955127,44.6476878003038
"Chaiyaphum",60.0967712494759,52.0433356204176,51.6003489988008,48.958073092287,46.6644368140246,29.8877440301436,27.401091710905,35.5935422440602,33.3805883016593,37.6335635581403,34.9414989473848,34.8321648537685,32.0592165295869,36.3780352453494,36.8297098810477,34.292781468122,34.1489817458416,30.9615254293637,33.3914582316537,32.4336211039462,44.0319908824666,41.6076276426995,37.7193945234162,36.1547984362188,43.2162453724371,38.5940211912016
"Chanthaburi",41.0415875880411,40.3174783476544,37.4998286566188,37.1855185808929,37.0996673133023,34.6437779786552,34.0374681238269,30.9636971974268,28.3560536981627,37.9970873889584,37.0284533190987,36.7707860630418,35.8669137487372,43.9104366392466,42.5440253431243,41.3373686560554,34.3923432552899,32.3730033427966,39.7879029294527,39.3684761356901,35.898068154413,35.543699260702,34.4594034560504,33.2451253860306,47.2908413397729,44.6259269954433
"Chiang Mai",46.4964973578729,44.7049253176132,49.2906176956119,47.451677768937,45.5793625483738,30.7228283209237,28.7407194850484,33.4076293080652,31.833318279567,33.6963431790218,32.7600350507433,47.6094935742778,44.9166951989802,36.7191622757604,35.7511920731756,35.5798747341129,31.9602046690221,30.1740857276782,37.5162293523206,36.5420384919534,33.1051651553564,32.4314263383347,35.8478926851944,35.2769081206433,54.8248636739657,48.1360758937615
"Chiang Rai",55.4061667449514,48.5625400941771,37.4000346541566,37.2267842473689,37.2103410288476,30.957494865784,29.5375640443204,35.6356857046113,35.7576215037105,38.6085364263916,38.0588211359041,40.3044885096571,39.4915212670982,32.4889774786464,32.297864064944,30.7720637588292,33.4024019132459,32.8153117933904,34.1092541825512,33.7197058788458,35.0831274022046,34.7542039912676,32.3374258262567,31.5144586369184,50.4478649240227,45.5209776669365
"Chon Buri",41.2059241757282,40.3251470991854,38.9540223744763,38.2249939527173,38.1975658877367,31.3737696472549,30.0297755131395,28.3674582642963,25.0730090796741,35.0203656605637,34.6032138943677,42.0642581480888,40.4390518383533,39.1333971359015,38.994211235674,37.1868965824937,41.460716901583,40.1987946007248,39.110955726657,37.5913734783305,41.6795023072836,39.9511623850687,37.0873690252186,36.4431734488061,45.1396240218247,44.0425740689712
"Chumphon",44.4097773211756,42.6611535208404,36.7349154777895,36.0399243272492,35.3561924324342,35.7605059533068,34.3653253706852,38.870442013304,36.3414787954361,35.4696867813341,34.7554134266149,45.0050651285984,40.6250092208469,40.4400058796451,37.5681061510001,37.5180152681178,43.9157964399358,42.0837719793061,41.0715540706074,39.5540509529172,31.7104622647967,29.3411926668644,33.218301728014,30.9071214450872,43.2171180472898,48.3378299835901
"Kalasin",45.3773939141003,41.527043114557,44.3729817218781,42.4428820214157,41.2248447535485,40.489554963854,39.9443625230826,41.4249212483643,38.945616000584,34.5066234347415,32.9033322972218,44.9470811771887,41.3117960108795,33.6215206874487,34.4088721983396,30.8993993671633,34.4555287416429,31.5730948222716,40.5566603319402,39.1366450773455,35.6630838466699,32.4359922629558,37.0877822375433,34.1452497370919,45.9597246643374,40.1921746248128
"Kamphaeng Phet",46.7382659018085,43.3143321693501,43.3982166946712,41.9293295599786,41.6509567251041,30.8444650594977,28.7143438702134,33.0962381264171,31.4352057857231,38.0861799598606,38.6442135716099,34.5844288329964,34.5814785272148,38.8069789906148,38.7442182415702,38.6315618802059,32.2575271355925,30.0213129562378,37.0660016260352,36.2400658689317,38.7030731941152,34.7525890851823,33.989323504835,33.4494757214821,61.8231190430681,52.1611347856366
"Kanchanaburi",35.859238906649,35.7533652474973,41.5488545668688,40.3717598612367,40.193248455363,37.5961043955386,36.8516838301409,29.1492788038154,26.305847906888,37.8757850279486,37.3397647367952,43.459546120982,40.8898408866474,41.4414380921517,41.156453354369,40.2199469593733,31.1207845548417,29.0446194025663,43.4393602088683,41.5193271139502,31.1587077434708,30.1617599137616,37.1608475156743,37.7013514544342,47.5645428991056,45.5956006982718
"Khon Kaen",57.5775191325576,52.3280328915488,46.3590957796388,45.3556990011989,44.4788209480599,35.350374366959,34.5542543629541,35.7388091149681,34.963275720076,39.3015052694421,39.1608239721399,37.8670174636979,37.511706112676,37.4741623823948,36.9373819111897,36.792980636618,31.8869904419403,30.0986107412314,41.5225790770074,41.3670742412315,40.133608690782,39.8372763065696,35.3478179183029,34.7885531170216,41.504100102807,38.5233971700068
"Krabi",39.1897769690726,34.0796637903831,39.9529987683273,39.7618434382436,38.4491112021728,33.1354433035512,26.1937205290405,39.7836885237247,39.9484722328685,40.0681739019954,36.5759735624402,39.9045501375609,38.5249194097038,42.1131389400856,39.3661906633795,39.4746833430963,35.1584374402642,34.1770927949755,36.5984627294123,36.4787121231062,43.6774319294418,40.7360470702279,36.0614289681751,31.1290263069737,36.567712986077,34.0159559234161
"Bangkok Metropolis",44.0226068432061,43.7986550872752,41.17723540215,41.1335753614522,41.1162400668176,32.3820771273564,29.6086364890582,29.9541574053868,26.456844080388,35.1179991417818,34.1878847675604,46.6427596274755,45.3851424558694,49.9982140851452,47.0976681101168,47.1556166582836,46.6021642314806,45.9323293242509,45.6687720716511,45.1124452199394,35.968972748738,35.1067542932237,36.7113451106468,36.20169528581,58.2673606160403,55.3083848916653
"Lampang",57.5500969810086,50.3497589521129,38.0625903331595,38.2895762296685,38.1516369574851,31.6978534991428,30.0512641733615,29.1245484068785,25.0890225135309,39.7644135143417,38.1225286967528,35.3493134161762,33.9044724879367,36.2225963003342,36.8945985448928,35.3272751885505,38.7644577135752,38.0767784103172,38.858813362736,38.8856473246362,32.6388771964052,32.4609836294058,37.2025201849655,38.0022010154672,47.9533123335374,42.0352318444996
"Lamphun",41.6114249642572,41.3509109103733,40.0752591873237,38.8531857082877,38.6317938805352,32.584684021181,28.9007745840817,32.3513253153413,31.0038659334002,39.1297789320898,37.3756982222066,60.8372720385963,49.7454671999829,34.7343899214033,32.0168567283309,32.5993524023888,43.2546310038123,40.9074898830727,36.4439177621105,34.5845934646018,37.5840555853784,36.7016611286251,32.9637742797539,30.3451160821939,53.6632336656564,49.0306299192579
"Loei",49.4387294617693,46.2189922204675,41.8414357093927,41.1537135101374,40.893592772755,31.7829502362663,30.6702482472824,33.6824069541593,31.8953311197352,41.0461972513937,40.6223403595235,31.6087505957742,29.8139385297302,35.6694682064698,36.2484843513953,34.6236225257052,35.2484198084288,33.6246369660364,33.0146987923588,30.5980158668448,44.0203927863878,41.9031110373026,33.4810393543047,32.5804008425124,50.1838819275283,46.8834650230898
"Lop Buri",41.4502850635215,41.4867607232114,41.3312714374389,40.6319925093095,40.8306625802739,30.5109284636612,26.8778906757935,28.8225033965138,26.432157811778,38.5769011166967,37.1418018040087,33.6789135345437,31.6273917522067,36.5079030326578,35.8800601524793,33.7440359391306,43.6391016563383,39.4050721990689,47.5101708012692,44.9167168073794,35.6061873707041,32.8551689028112,46.4741264785488,42.8677708749896,58.753005943472,53.6898106312293
"Mae Hong Son",45.1266154426872,41.1217800749345,36.3368061468147,36.7589219935569,35.6904953202115,35.5890118268393,35.4021062348865,25.4727194003892,21.6813051388374,26.3855702495991,22.6573003752933,32.7714697117491,32.0546916917584,30.0405484739446,27.7780314941909,26.3472831614393,28.8112949093033,31.648831999839,31.3669403436256,30.7614435922362,35.5235373453335,32.934096475583,33.8086711061903,34.3948504822835,52.7054937712486,44.6422308056464
"Maha Sarakham",57.765785961129,50.8528035421178,40.6236631153535,39.9259778152419,40.6217461275367,31.948399465555,29.6797301161582,40.327495385292,39.3148751115841,38.7602348997522,37.6085205573231,45.1884241762219,43.422429333224,36.8699961416724,36.8422116072596,35.588397240434,32.310866337365,29.5558002005656,42.3058262872689,41.3877331547673,39.078355751098,38.2020648210361,37.2136707309673,35.6609614477726,47.4470593060565,44.2004052911118
"Nakhon Nayok",47.3649801964036,43.9398009659434,33.1336874135959,31.8089733934505,31.1917328737337,29.8250697371759,27.6879302101843,31.9140694372997,28.7917248136426,39.0853000348389,34.8389480911094,35.6592938317248,32.2597548057138,35.8673384711136,35.7808397422916,33.540706336894,35.6222098427721,31.9645411713851,42.2731561426867,38.7800937558795,38.7959727384727,34.5319273968113,41.0492810301845,41.3281456316857,46.5611569647328,42.2637311705738
"Nakhon Pathom",40.8075776412677,40.1839471727107,37.2890237167263,37.1088542478336,37.0941683191527,28.0364851522109,24.708223492508,30.8472609268586,28.9135508806715,36.009493839389,36.0856908720032,41.3510598157613,40.5242086989537,41.89189000898,40.7573099302024,38.5180142657908,39.3726071702112,38.504132957976,35.2447151272897,34.2995379969983,35.2900971337484,34.6570968981675,36.3164573343474,36.1640606845252,50.5362326541583,45.5898658872248
"Nakhon Phanom",52.4457187496325,48.0367027154781,44.8150114851959,43.5314268466427,42.8354969916851,32.205366863119,30.5281603396303,34.2066278494198,33.5577995242252,28.287220779592,25.5059787091947,34.7311712870099,35.3493167378905,37.2426226709882,39.5908466920556,37.0373941283943,37.0054463523394,35.2388995102698,40.1172835252897,39.2068937771034,30.2859243317252,28.2832426968778,30.8796085575262,26.6789937373608,86.3593443483702,58.5292331617783
"Nakhon Ratchasima",51.349890957259,48.1925502424192,44.920793222297,44.2272764498697,43.7729774728693,35.1710592402264,34.4549345871618,31.6929259397556,29.0096271685943,41.6451558930778,41.5020780686035,36.2208185056373,36.1519102315343,39.3172019475023,39.0188287510777,38.7470632075453,36.8580855530249,36.6053766406271,35.1321024664259,34.9654862937408,36.4078154503665,35.4962191891822,37.6364575309202,37.239378373118,48.9255840655777,46.7354654013506
"Nakhon Sawan",44.57158125767,43.4530192496711,40.7232509114405,39.5346200406401,39.8809001568046,32.2971564153983,30.399980553598,32.1052256617754,29.4379558326767,38.8046259444757,36.6763223968371,39.1529521442857,37.9367250325329,39.4806909528822,38.8293427137588,38.7570750721029,41.1027796009815,39.5116268143447,44.1706370779243,43.6131817678577,36.3030029369532,35.2077521424733,41.3363503351067,40.349099550684,49.4259756149837,49.9309108565513
"Nakhon Si Thammarat",43.0393910859751,41.350059373419,40.1862476634772,39.2821248763743,37.4431458833402,33.4237300901622,31.9443044086733,39.2319707145892,36.1280744022306,42.5371166627036,40.3699134861088,43.188379371471,41.8863740199015,39.5067428104421,38.7050397350895,38.4179049531544,41.6088462887034,40.7771446316754,45.7047265961099,44.0330852624837,34.9703544133182,32.7097225195495,36.3025068123971,34.8356590564578,37.6578120455221,37.191560692646
"Nan",39.4983683666027,38.8402055951344,36.9722878375259,36.4393129432308,36.659460886985,32.678711972045,32.9485818575413,32.6459893044417,30.4499578262843,45.8980451219595,42.3237253688054,36.0294803307135,35.6790590989667,37.3386004747923,37.0401108120938,37.293141501519,39.5642042494212,39.2605668342121,36.6605782572904,36.6662470695927,43.4383360773256,42.0024922865798,33.1320137112738,31.5066870312719,45.1399179293874,42.4606008470866
"Narathiwat",42.9666733453666,40.9238738629289,37.6263782161288,35.3731301311856,34.7346404327072,38.3202887156663,36.6139571776146,36.2482089368472,33.8580158348793,34.7629332875069,34.3696150526193,48.3504558280326,43.873427337788,37.5388756786409,37.0199704531473,35.9373108523547,38.9111930123939,36.4839871991257,42.0859343043647,38.9001375018648,40.5892954452907,40.7990379494929,38.4803131728104,36.7421345608153,36.7871408679933,34.8484894943076
"Nong Khai",65.6174723916297,54.1988505191923,40.0330141926299,38.9942671059282,39.0443510417724,27.8799629713569,20.8552627835755,41.5803394674947,42.2437433571371,38.3955258882058,36.9563636143995,40.5915370410615,39.9666607329577,36.0477033567219,35.5599544514832,33.6899675650643,32.0995850914766,31.6240978541092,34.16495349084,32.4305323086154,34.0064084183921,34.3175714968566,35.0121353905912,32.7287280652665,106.317057117817,61.632792244434
"Nonthaburi",43.4927333886717,42.109375721575,33.532654868038,33.2581723666542,32.8546297681922,28.1379691598756,26.0919937447492,28.1373304311455,25.7325793141002,36.8740182260909,35.3523278171486,36.0022661135744,35.3707082748606,40.57326214678,38.8928375102961,39.3675045724001,37.0343360117272,35.7127031895908,40.3223858324176,39.2888347910334,30.9644343906671,29.993695052926,32.0569085031756,30.8246227680251,48.610835151036,45.6886664049482
"Pathum Thani",45.165099309842,43.1953298024749,34.1494094633929,34.501008790848,33.6032026207976,26.357172494474,22.6163640551034,27.7643585030617,25.8446612086605,48.109065745966,43.1109756562021,29.8076846656484,26.7431487278274,39.1901211605248,37.8778936381289,36.8517676802135,36.0757861173752,35.8745312320238,46.6561483599804,44.3671411937432,34.2538365822451,32.9667377594608,32.7369464964965,32.2597074900973,39.4636898907478,39.8946944761267
"Pattani",46.0885066264944,43.36056894849,41.5333829315613,40.2135096801324,36.0872699955876,41.9889355784037,39.508790239209,31.5925372219943,29.9023689023164,43.509278308951,40.9602741322658,40.0564159665173,38.3424988149186,43.1683485256669,40.8505168978592,42.3710058682263,36.011338139476,35.6435306569522,37.9310381567342,34.5972642837422,35.8638739112188,32.9410906957763,38.0529475587443,34.3391086902358,39.8725190521261,40.9044471858243
"Phangnga",33.4903217921893,30.6921225710867,41.0511072928843,40.6196992769935,39.3695016891025,32.449675086317,28.1146901145945,43.5872271177071,40.6652522928624,33.2733558851486,33.3196282266929,36.4655668600341,36.5317623517693,34.2143721356467,32.2893198129156,33.8547093882131,38.1800344780298,37.256663904448,46.4446431528246,44.5028847572777,34.9700273298921,34.1468002673879,39.3308503542821,37.1514638312475,40.9803829997079,40.3973595898029
"Phatthalung",40.2868421280527,38.8386873947767,39.103832324099,36.1049435566722,36.3246047458821,35.2116657791203,35.5808610911885,35.356978836909,37.5192947959979,38.7344494916088,40.7817769037017,41.1256353801751,42.6555289053626,36.1308026975462,37.823877012663,35.8410819449728,43.5779004677841,43.2072196964852,34.3590389587421,32.9166553923337,39.3602545946828,37.2914414092962,38.0185914154032,38.2635639374285,47.0555791106487,44.5392799581902
"Phayao",45.2163574648027,40.2655413107395,42.1416214180949,40.9591583772157,39.8580486871928,36.3764188737012,35.6670991303485,31.3497353537475,30.052268912757,41.7519414622575,41.4029197132189,36.5613250019548,38.4747938589489,38.2828373510924,39.4145726409834,36.4870288508767,28.8725963710568,25.4769879149883,43.7686336867152,42.9912911913852,38.4112780117856,35.6921851472446,40.7689687603502,41.1070720426514,37.7970549314798,39.6811041518302
"Phetchabun",59.7856013318521,52.4208741633148,40.4590085764599,40.2626314669563,40.2431121655204,35.0472563916282,34.3927250285996,32.5238484963126,30.3993724600879,31.7348889869745,30.2898763659403,35.9240538604095,35.0849170522028,40.8735212606679,40.80054675331,39.4396945755736,30.4593820400266,25.8107598230345,38.8711198205968,36.3885811639264,40.7004623349723,38.6948979791649,37.8753696694575,35.154961175377,61.9925664520322,51.3009528451592
"Phetchaburi",41.2708113245139,38.849067401924,39.441065322721,39.3980915876455,37.7825248008641,29.3179567802239,25.4362763130965,32.5245530228217,29.5524845869572,37.1431400991348,36.8536544792555,45.1220879059783,41.8339026130258,39.0750661559951,38.0852644449846,37.3365348409271,39.2383790140065,38.8847347689575,34.6729054500823,33.0641018982875,33.1766267743041,29.3358236985602,40.848770908322,35.7281222993892,67.3579377457606,48.2011853583817
"Phichit",44.7680732036542,44.105143224183,41.6537014115891,40.5036920270696,40.1807982295916,29.5860831820171,26.733152432251,30.1596825099677,28.0722449516851,40.6548529611607,39.5824791575867,38.452617754854,38.0298600871634,35.6276819674814,32.6324707943295,31.4779989918748,39.8704630907236,37.6256891498826,41.1414585830479,39.4659370395629,34.3990345088299,34.6186957154504,32.3593294472982,31.0766207457679,47.2241668492934,43.0756732425499
"Phitsanulok",41.9600960451693,41.298105253504,41.521663252766,41.1976370421562,40.8192040427302,31.3623792155683,29.9175920793998,28.0042152293404,24.6736286941825,38.6295385527268,37.8811790222795,47.2515329363595,44.5152313574789,32.4940107505473,31.3613324558635,29.1653538064878,35.600389698527,34.8447604242605,34.2115040143043,33.529977839383,38.1825481518343,38.1425433910662,36.479198442535,35.7608567813164,62.4505741195073,57.2151798868617
"Phrae",43.2655774023568,42.6077890755875,40.346529431064,40.2235719336257,39.5602153736596,33.8335026543711,32.6092990943996,30.5916258328547,30.2670817970567,38.5393101842013,36.9737968775917,43.4296192781212,41.095543480153,37.6973085160673,37.8635806917398,37.8984556798086,40.0294896898525,38.8951525736506,40.1469371584414,39.6041576070053,38.1091585201799,36.5701812255239,34.2862326555362,33.4276447439725,53.3329560923008,50.7928249357851
"Phra Nakhon Si Ayutthaya",52.4345847038102,47.9068950574982,36.9790793871866,36.0407351800981,36.6952308560011,32.6211035361114,32.4731111715694,33.4385020416296,31.0695434870845,42.1483906712306,42.5409898809697,44.0656198023249,41.7714017783352,33.8994895076638,31.1554060213223,29.443883954615,34.9344562684562,31.4035331703947,39.0515468730375,39.3190040482776,32.9051984744032,32.3933985446068,43.0744896916983,39.8132481661828,53.9308848521467,44.7567776385185
"Phuket",39.5848589554061,36.5618834294537,42.2061562567903,38.9013251422407,38.6258540976466,31.6980769414614,31.241884079987,35.2530725573732,32.8570635517121,30.3192003348213,26.3625050526502,40.4147061805691,38.1054871896023,43.0021548144258,41.6710925188558,38.3732212917831,31.8732406861722,30.8494802089067,47.6782972584147,42.9338349398401,31.4014590965394,28.072276450126,34.2687904025134,30.8247262642345,40.6649333234918,34.7478069274176
"Prachin Buri",37.1850501798726,36.3139685549103,37.7549292828057,37.5129198643708,37.1090409676003,29.103061512336,27.2719424249162,29.0189203869194,26.9872966531414,42.8623445724666,40.0336726727439,32.7778941896336,32.6561152020749,34.2140752582775,34.2790038449522,34.3104491261843,30.219387184751,29.872605426059,37.6221900495811,36.2539112388177,30.9054206653942,29.5159882154605,34.1322097570434,33.1346424813841,40.7413079365069,42.2460519536286
"Prachuap Khiri Khan",40.6564625639473,40.0985614537936,42.4801981902269,42.6402471363566,41.2947121126796,31.8677783756472,29.5549203289803,30.4002388877988,26.1985804878084,45.6090364353142,40.9469329519821,31.1379899094193,25.8883034353141,46.4626302355225,41.4884133880909,41.4393765238276,31.5554018035331,29.2573728419078,43.8323967563518,40.3965444054712,40.8530346653173,39.9491263713597,40.2688541322494,37.101138587942,51.0694167519316,45.4647694491233
"Ranong",32.9589971466039,34.372724541217,39.2952823947387,38.6878933154,35.8360132878411,31.6633229229185,28.2843492586025,34.4455894751834,29.437380306341,40.6273206806776,35.5841990248834,32.7372792195601,29.5295209286634,39.6623446190776,37.2619151163599,33.8527154640013,30.7064445491038,25.956979137916,40.0551778891781,33.7054141617644,36.5360359772061,30.8391846159668,33.9749651772862,27.9350255323686,43.3719186666569,40.3828698542497
"Ratchaburi",48.1743800536604,46.0302984296087,38.696692219058,38.4475771014896,38.2879573833836,28.7361425394283,24.859960539556,28.7006028294196,24.7247650551676,38.0324281162234,38.4955311332687,40.6793796623687,39.5246792062683,42.0952235655405,41.3017621745365,40.2107108746723,39.1983208871475,39.3473859357601,39.7630920055209,39.3396158825922,34.9008063007242,34.227507704222,37.4962963342365,37.0360527205363,50.751844406196,47.2837436835631
"Rayong",39.7015151862822,38.6723433466465,38.2215455776208,38.3730656289547,37.6731899132438,31.890942407071,29.1244740032003,39.4115977197423,39.6578246840523,32.5599753311552,32.6097343620658,36.0133203539227,36.6159701108481,40.2694999956697,38.6003259612009,37.6384997843076,38.8599871481982,39.1042886699917,40.2776211011293,38.4914156968388,34.2861781763468,34.5628529573561,33.3986147527779,32.8959331545341,52.3534302714268,48.43434261128
"Roi Et",49.8769603713067,47.6522654840147,42.3804904962492,41.2464245071708,41.9285841952608,35.1556273202882,34.6848708112672,33.6410415192903,31.7645707627921,43.372255579968,42.3397969323286,36.8231664580121,35.1745796704829,39.3193032865852,39.3079727999746,39.3491468785053,38.2170323213067,37.7991304809235,38.7000907960144,36.8767438185532,40.8942906407704,39.7885190235378,34.1562532373886,33.8987370948046,41.8680195893948,43.8223704007715
"Sakon Nakhon",60.7286681113658,50.1330695283703,40.2903463418327,37.8634597589926,36.4212210164472,34.6850701349153,32.7692453078887,34.2567332291055,32.9524435716931,38.8853618963905,38.2021061396002,37.2756310247076,37.6274383319317,33.8359210753384,34.1744843648178,31.3529362166626,38.1927615548513,33.8167131159598,42.6806138469508,35.8158525801381,34.4112064441809,33.1742876620038,34.1046854997514,34.9920347008614,39.5400113865451,36.7465233951284
"Samut Prakan",38.0480088222012,36.9246800343592,35.5878017882083,35.57103001414,34.9972168565267,27.7236380991978,23.621101311068,31.84159582556,29.9012354287828,35.1932028442616,34.0682026237936,42.5086813266631,40.028206755218,36.7653112529051,35.2332520990809,35.4233766632834,46.782519716549,45.6352526341576,43.6661418316869,42.0582499178619,31.8316872584824,29.739536452541,34.621587915714,33.1243308894356,56.4342261172349,50.0106951471137
"Samut Sakhon",40.2814621720618,40.0041232286408,32.7544212126633,31.9935137714284,31.1318691259058,28.5442890223676,25.5053761394647,29.3194724085734,26.4151018327485,34.5201767234911,31.2458614793867,40.1879328271336,38.7431165593931,36.1781498947163,38.4116875441354,35.4529742194498,43.3269770300823,40.5026770345794,38.8421569514376,38.1447319194491,34.2638687777138,33.4130772101757,36.883040775856,36.6097409033502,50.7312521007517,48.346593077253
"Samut Songkhram",40.8691055979603,40.4390077013932,37.2831973370592,36.9908903270763,36.2469562421994,28.9049804756955,25.6118064949927,30.1702582401443,26.6833607040541,41.7585727150114,41.790663312446,32.2199472924448,30.7386581172261,43.8225804947946,38.3761758573185,40.0553966886381,42.2153597129548,40.3389344506021,38.1728730269614,37.5897023372058,35.40008368493,33.8780389822288,38.3348050799933,38.0570447501009,52.9487622923285,50.6761998082928
"Saraburi",46.4977362006661,44.1656936451423,36.4351645508094,35.9370086615505,36.0323170845551,29.3326873951235,25.5970214424022,29.330249098697,25.6521423435407,36.727661746948,35.6864722373795,36.9998322969747,35.994217608157,40.0088398954371,39.5536654843663,36.4034330192649,39.0249111542443,36.7414238181201,42.2532818039112,40.7819224944627,33.3206322317992,31.4014293132849,36.2233925917745,35.051744872294,64.0266057411366,56.6622363948578
"Satun",35.0958249145131,30.4214017772215,39.3922317616339,33.6465764380742,31.0514629311513,39.2024452595508,33.8518443407443,43.5152079091313,38.3870779703311,35.486703062408,31.8688402539624,37.1046092221306,33.0563761142501,41.908592064489,38.0572430089228,37.3990132772525,38.4934562133775,31.2487719051054,42.5489379611733,37.5037586968829,36.7612997629545,36.9472238757509,35.4945660097405,33.8213361460108,45.3749422617565,41.5774972767872
"Sing Buri",38.4827739965878,37.3013906049663,43.0549528212691,43.8502070014929,41.5660474524949,31.3803789990067,30.6551797018365,30.7753546946933,30.5851508075089,32.3300545756818,33.550704083175,45.1360581408072,43.1706290514808,39.9546663861308,38.2163856233623,39.6977204061059,35.4475316473766,33.5866921619188,35.0686984306662,33.6282194914169,36.8233431689731,34.2991444686238,41.22405341886,38.7911344330406,46.6242895983226,45.7151020701191
"Si Sa Ket",51.9190382415091,48.6572206495254,48.7202226944584,47.1682034294484,45.1470742315341,31.4379115674553,29.7035022776011,35.1024829205021,33.7091223232634,38.9009493748944,39.4079944760778,38.0999994079163,38.1180555049981,37.9294953225095,37.1466706141271,36.6925154639719,29.9104578995564,28.2715748105219,37.2072720743748,35.3583241222236,36.8659265921637,35.844593161199,39.3723364478212,38.363651862044,40.1878967643779,38.1698012436959
"Songkhla",34.3064685065937,32.5053741271741,40.0025515056613,40.3615067464017,38.2594444523589,35.904327750786,35.7004196062536,29.0125020255368,24.3820777131891,47.9291210483161,44.0279256806118,40.4620900514219,39.3439720639348,41.2496089445396,38.0216561292217,40.1293901797952,47.1577008230342,45.6347766609766,36.8055377256193,36.0868472939353,42.7726712010571,40.5688664868643,32.8563785558033,31.0432533112071,50.3983426179638,48.0766196909896
"Sukhothai",49.531562507325,47.4144230547951,43.5915289043309,42.5411022029246,42.3272423960556,34.4809247780349,33.4313827746646,30.0453163655022,27.5861541513796,48.2161284901445,45.3624605813793,40.4139168664759,39.5518059733192,38.1990117867695,36.7493072593002,37.2501687406605,36.9406336129593,36.8322175845571,32.9650529753114,31.5348892385479,38.4462502312217,38.039800478536,35.5763393829547,34.882178691468,50.1430564433885,52.245475367791
"Suphan Buri",43.4218346054561,42.7011955144477,40.519012785587,40.4681615861755,39.6061254143403,30.1127665308801,26.686397858025,30.4475123859462,27.4835931601998,36.6591861520737,36.7930937525622,43.2039521589105,42.3552269969322,37.8863932600506,37.2687271239164,36.4434621264641,42.0201612973208,41.1992391892908,39.0872149186567,38.7282019051905,36.0814235069476,34.5138158953101,37.8970453012335,36.7513453207489,56.7274350432189,52.9427797914998
"Surat Thani",35.7767392709217,36.0792638858756,40.5392469875586,39.7977233305924,39.5191118193068,31.7159679908285,28.0228506344979,39.5772370585794,38.2573161529373,37.041775749241,34.6720931090389,47.0389364965397,43.4700422513829,42.3118039716366,41.4396222031736,40.3569949351367,41.84543983342,40.422686957355,41.6388132799871,40.5373907755568,34.2060989811052,32.5739999013446,35.9138153519963,35.9453152584607,41.6375839355185,38.7617376082394
"Surin",55.7963679580041,50.0725238212201,41.4087838436186,40.4300302811255,40.9121685358403,35.7190957315902,34.800056579136,34.4540682079408,32.6224363542385,39.6676480786452,38.1937209274543,37.3133846671557,36.8421315519886,40.9048327642602,38.4608520191953,38.8099001576248,35.0843229877273,34.6874025765068,34.4807468529441,33.561785158699,36.9602247681938,35.3045269506046,39.8933413779011,38.7670712868061,39.5596155116769,40.4262964474234
"Tak",38.7185232618193,36.8694186172926,38.1188054703274,38.4800397798772,36.4362226021938,32.3166602733184,30.9363260293405,31.1314613897684,29.638341766299,35.7567197214216,34.4558040186144,40.0833279661292,38.2371222047409,31.9225255595298,32.8495243554566,31.2065454073992,33.4992931908984,32.1064277019992,35.045631955556,34.7081829432384,29.2447488026935,27.0287452538216,35.7605225795702,34.0475716789127,44.1452884673573,39.1731186645227
"Trang",34.6805847708002,33.3248346505745,35.3055500648918,32.484912214214,34.4735854829494,47.3525284849161,42.5031975851003,40.2411211817148,37.4277804739318,37.4890128455324,36.3217476141439,34.2764960125239,37.0667527459301,41.7575391568617,42.7113474089144,40.0165195433549,35.9559826105059,32.3282403152131,42.3920067216906,42.4213834249663,38.2946022261553,33.9029707764999,40.4000737811926,36.1827064583417,44.8395284315875,39.2944588312121
"Trat",39.4244729586596,37.3413808252355,38.8218115654514,37.56795176118,35.8623479011755,37.3554594194492,34.1528843053169,36.0418574029699,35.7672945452603,44.4102547289546,40.2600773863282,39.7317377217617,38.3102375826188,39.3494609050263,39.6405225387402,38.1077548775448,32.2698148399369,30.5910099584838,32.4707200140581,31.205799930198,35.1805736107695,35.9103157063786,32.49889558874,29.3551115414334,34.4729936807591,31.6589302108892
"Ubon Ratchathani",53.9881255568295,49.845831376117,47.1451365078603,45.6958830881882,45.3038279345597,36.2948197850495,35.8547776291608,36.3312762794878,36.1851253265718,40.4016920383197,39.5262726034376,34.3626759234698,32.520957693106,35.9063830411725,34.966873392786,34.2683068254675,37.8735014343151,38.3782522666433,38.2215522562635,37.5386565705298,37.3064005412216,34.8354207787409,34.9825942987369,31.5509726319895,46.3060899486016,43.1581058958031
"Udon Thani",47.9380935738194,46.5288979541484,47.1240935274124,45.9953478769029,45.0819324185002,33.0434848354791,30.3752059490283,35.5486018594498,34.9922045777612,39.7466621991374,38.6472064421224,34.9159798100797,33.2976685355056,34.8333541209867,33.2378737310914,33.5075289465783,36.6365193883488,35.2626500404959,37.9904116229636,35.834209175595,39.4099895405207,39.0146595265755,33.0070461791695,32.0324227694948,59.6710799390472,50.7916400971649
"Uthai Thani",3.51859969567455,3.40342375034726,3.41510861588966,3.40344880140079,3.31656070600592,2.12100862867028,1.75202233410246,2.47844418617167,2.31006236380625,2.63465669484849,2.2394329433504,3.8977733916662,3.5896027639171,2.57070503955681,2.53162753201973,2.27276644723362,3.28935828475211,3.05472374686939,2.88549709248346,2.65075467683743,3.49351353498004,3.30693891527503,3.17140424386007,3.11803353224864,3.68747039373306,3.53935597842771
"Uttaradit",42.0371027635991,41.3642131833652,45.207057699545,44.0246413233947,43.2939444624912,35.0808131595333,33.6980476217949,30.6544918131994,27.0380807122422,40.8474907634151,40.2164457197174,42.08798654858,41.2107335921759,37.208816475656,35.0272124961813,35.9102064771607,32.0582451794785,31.2799489843787,39.9286081346752,40.3374279464875,38.513294891305,37.2912721868193,36.2642153041303,35.0652837360797,50.3712725457506,52.1424094196263
"Yala",35.4546953634597,35.848141863338,36.6876980580625,36.7280351064573,34.754217208215,35.1535871387081,33.1068271720392,36.5686221398057,36.4987152364198,39.8240881853916,37.3359951262733,35.5814507959362,36.1895440024585,41.2343941280145,40.7872338869849,40.4402092027471,32.8365822755211,30.6112360884366,43.0343428820581,41.6264988245329,32.2123602894257,31.3166328271784,47.1101539534701,45.3635615732837,45.1542390095852,43.2001905581341
"Yasothon",54.0841764437307,48.0207023599435,52.447002907788,47.2521011133181,45.9745987869901,31.6343794964829,30.0492773894064,37.3301087503613,38.1765419199091,32.5548451528734,32.2394512316821,41.7846352656591,41.5343513556202,35.4364578951332,32.9393506595367,33.1206249997849,35.6372361154583,34.9449696735697,34.4987821701286,33.1685534810048,36.5456695357781,35.4826503753728,43.7146310697694,41.0928599433987,32.55692511381,31.0567357173839
