"","1980-Jan","1980-Feb","1980-Mar","1980-Apr","1980-May","1980-Jun","1980-Jul","1980-Aug","1980-Sep","1980-Oct","1980-Nov","1980-Dec","1981-Jan","1981-Feb","1981-Mar","1981-Apr","1981-May","1981-Jun","1981-Jul","1981-Aug","1981-Sep","1981-Oct","1981-Nov","1981-Dec","1982-Jan","1982-Feb","1982-Mar","1982-Apr","1982-May","1982-Jun","1982-Jul","1982-Aug","1982-Sep","1982-Oct","1982-Nov","1982-Dec","1983-Jan","1983-Feb","1983-Mar","1983-Apr","1983-May","1983-Jun","1983-Jul","1983-Aug","1983-Sep","1983-Oct","1983-Nov","1983-Dec","1984-Jan","1984-Feb","1984-Mar","1984-Apr","1984-May","1984-Jun","1984-Jul","1984-Aug","1984-Sep","1984-Oct","1984-Nov","1984-Dec","1985-Jan","1985-Feb","1985-Mar","1985-Apr","1985-May","1985-Jun","1985-Jul","1985-Aug","1985-Sep","1985-Oct","1985-Nov","1985-Dec","1986-Jan","1986-Feb","1986-Mar","1986-Apr","1986-May","1986-Jun","1986-Jul","1986-Aug","1986-Sep","1986-Oct","1986-Nov","1986-Dec","1987-Jan","1987-Feb","1987-Mar","1987-Apr","1987-May","1987-Jun","1987-Jul","1987-Aug","1987-Sep","1987-Oct","1987-Nov","1987-Dec","1988-Jan","1988-Feb","1988-Mar","1988-Apr","1988-May","1988-Jun","1988-Jul","1988-Aug","1988-Sep","1988-Oct","1988-Nov","1988-Dec","1989-Jan","1989-Feb","1989-Mar","1989-Apr","1989-May","1989-Jun","1989-Jul","1989-Aug","1989-Sep","1989-Oct","1989-Nov","1989-Dec","1990-Jan","1990-Feb","1990-Mar","1990-Apr","1990-May","1990-Jun","1990-Jul","1990-Aug","1990-Sep","1990-Oct","1990-Nov","1990-Dec","1991-Jan","1991-Feb","1991-Mar","1991-Apr","1991-May","1991-Jun","1991-Jul","1991-Aug","1991-Sep","1991-Oct","1991-Nov","1991-Dec","1992-Jan","1992-Feb","1992-Mar","1992-Apr","1992-May","1992-Jun","1992-Jul","1992-Aug","1992-Sep","1992-Oct","1992-Nov","1992-Dec","1993-Jan","1993-Feb","1993-Mar","1993-Apr","1993-May","1993-Jun","1993-Jul","1993-Aug","1993-Sep","1993-Oct","1993-Nov","1993-Dec","1994-Jan","1994-Feb","1994-Mar","1994-Apr","1994-May","1994-Jun","1994-Jul","1994-Aug","1994-Sep","1994-Oct","1994-Nov","1994-Dec","1995-Jan","1995-Feb","1995-Mar","1995-Apr","1995-May","1995-Jun","1995-Jul","1995-Aug","1995-Sep","1995-Oct","1995-Nov","1995-Dec","1996-Jan","1996-Feb","1996-Mar","1996-Apr","1996-May","1996-Jun","1996-Jul","1996-Aug","1996-Sep","1996-Oct","1996-Nov","1996-Dec","1997-Jan","1997-Feb","1997-Mar","1997-Apr","1997-May","1997-Jun","1997-Jul","1997-Aug","1997-Sep","1997-Oct","1997-Nov","1997-Dec","1998-Jan","1998-Feb","1998-Mar","1998-Apr","1998-May","1998-Jun","1998-Jul","1998-Aug","1998-Sep","1998-Oct","1998-Nov","1998-Dec","1999-Jan","1999-Feb","1999-Mar","1999-Apr","1999-May","1999-Jun","1999-Jul","1999-Aug","1999-Sep","1999-Oct","1999-Nov","1999-Dec","2000-Jan","2000-Feb","2000-Mar","2000-Apr","2000-May","2000-Jun","2000-Jul","2000-Aug","2000-Sep","2000-Oct","2000-Nov","2000-Dec","2001-Jan","2001-Feb","2001-Mar","2001-Apr","2001-May","2001-Jun","2001-Jul","2001-Aug","2001-Sep","2001-Oct","2001-Nov","2001-Dec","2002-Jan","2002-Feb","2002-Mar","2002-Apr","2002-May","2002-Jun","2002-Jul","2002-Aug","2002-Sep","2002-Oct","2002-Nov","2002-Dec","2003-Jan","2003-Feb","2003-Mar","2003-Apr","2003-May","2003-Jun","2003-Jul","2003-Aug","2003-Sep","2003-Oct","2003-Nov","2003-Dec","2004-Jan","2004-Feb","2004-Mar","2004-Apr","2004-May","2004-Jun","2004-Jul","2004-Aug","2004-Sep","2004-Oct","2004-Nov","2004-Dec","2005-Jan","2005-Feb","2005-Mar","2005-Apr","2005-May","2005-Jun","2005-Jul","2005-Aug","2005-Sep","2005-Oct","2005-Nov","2005-Dec","2006-Jan","2006-Feb","2006-Mar","2006-Apr","2006-May","2006-Jun","2006-Jul","2006-Aug","2006-Sep","2006-Oct","2006-Nov","2006-Dec","2007-Jan","2007-Feb","2007-Mar","2007-Apr","2007-May","2007-Jun","2007-Jul","2007-Aug","2007-Sep","2007-Oct","2007-Nov","2007-Dec","2008-Jan","2008-Feb","2008-Mar","2008-Apr","2008-May","2008-Jun","2008-Jul","2008-Aug","2008-Sep","2008-Oct","2008-Nov","2008-Dec","2009-Jan","2009-Feb","2009-Mar","2009-Apr","2009-May","2009-Jun","2009-Jul","2009-Aug","2009-Sep","2009-Oct","2009-Nov","2009-Dec","2010-Jan","2010-Feb","2010-Mar","2010-Apr","2010-May","2010-Jun","2010-Jul","2010-Aug","2010-Sep","2010-Oct","2010-Nov","2010-Dec","2011-Jan","2011-Feb","2011-Mar","2011-Apr","2011-May","2011-Jun","2011-Jul","2011-Aug","2011-Sep","2011-Oct","2011-Nov","2011-Dec","2012-Jan","2012-Feb","2012-Mar","2012-Apr","2012-May","2012-Jun","2012-Jul","2012-Aug","2012-Sep","2012-Oct","2012-Nov","2012-Dec","2013-Jan","2013-Feb","2013-Mar","2013-Apr","2013-May","2013-Jun","2013-Jul","2013-Aug","2013-Sep","2013-Oct","2013-Nov","2013-Dec","2014-Jan","2014-Feb","2014-Mar","2014-Apr","2014-May","2014-Jun","2014-Jul","2014-Aug","2014-Sep","2014-Oct","2014-Nov","2014-Dec","2015-Jan","2015-Feb","2015-Mar","2015-Apr","2015-May","2015-Jun","2015-Jul","2015-Aug","2015-Sep","2015-Oct","2015-Nov","2015-Dec"
"Ang Thong",11,10,3,6,2,1,1,1,1,0,1,0,2,1,4,8,4,9,0,10,12,11,7,10,37,33,31,8,14,5,4,6,4,3,1,7,2,18,20,10,2,31,2,10,4,10,9,8,33,25,49,34,1,10,12,8,11,18,15,19,28,45,36,16,9,9,18,5,2,8,2,3,15,26,20,19,8,16,7,9,5,5,1,3,14,20,22,7,8,25,38,16,13,11,32,14,27,24,8,8,9,11,15,5,10,2,2,2,4,4,5,1,6,4,1,3,2,2,0,5,14,15,33,5,24,34,10,6,5,7,22,20,17,44,73,25,10,23,24,8,10,7,0,5,5,3,9,6,2,4,1,3,1,1,1,0,1,1,3,6,28,10,7,2,3,12,16,13,63,46,48,20,2,5,4,9,1,7,1,18,11,2,10,2,10,3,2,3,8,3,0,3,4,4,6,0,1,1,2,3,1,0,1,1,3,8,13,5,1,9,1,18,34,94,13,11,5,5,10,2,2,0,2,2,1,0,0,0,1,1,0,3,3,1,2,1,1,1,2,2,2,1,3,2,3,4,0,1,2,2,1,0,2,4,1,0,2,1,3,2,0,3,2,0,0,1,4,3,0,0,2,1,0,2,1,0,0,0,1,0,3,0,1,2,1,1,2,1,1,1,2,0,0,1,0,1,0,0,0,0,0,0,0,0,2,0,0,0,0,0,0,0,2,0,2,0,0,2,0,1,0,0,0,0,0,1,2,0,0,0,0,0,1,0,0,3,1,1,1,2,1,0,0,0,1,4,3,0,3,5,1,1,1,0,0,0,1,0,1,0,0,1,3,0,1,1,0,0,0,0,0,0,1,0,0,1,3,1,0,0,1,2,0,1,0,0,0,0,0,0,0,4,3,1,0,0,1,0,0,0,0,0,0,0,0,0,0,0,0,1,1,0,0,0,0,0,0,0,0,0,0,0,0,0,0,0,0,0,0,0,0,0
"Buri Ram",20,48,65,57,33,27,62,82,48,31,31,32,31,44,100,102,102,97,114,110,82,32,19,28,35,86,131,75,83,80,57,71,40,66,51,19,85,132,278,165,83,96,50,31,53,53,65,49,59,102,125,109,96,173,92,74,76,57,46,45,65,88,42,62,48,60,103,103,105,104,52,26,42,62,66,48,38,27,32,37,19,11,22,10,10,13,12,41,48,64,64,66,66,126,154,80,133,162,163,133,77,90,54,52,47,23,3,20,14,22,18,16,5,9,5,15,6,8,19,8,21,36,49,39,69,95,139,154,122,94,88,62,107,75,151,49,68,126,109,69,46,31,11,11,23,22,35,11,10,5,6,8,4,5,2,2,4,12,20,7,14,11,7,8,10,18,15,22,49,112,159,129,72,76,106,89,65,44,30,14,27,26,35,33,26,44,39,24,14,15,7,4,6,12,16,5,9,16,9,9,11,16,19,27,55,75,170,82,38,81,109,85,64,37,36,44,111,103,131,48,21,26,18,12,13,7,2,3,6,12,10,10,4,4,10,6,9,2,3,2,5,7,8,6,6,7,6,5,1,1,5,3,4,6,5,3,8,11,20,17,13,29,4,4,4,5,15,12,33,78,66,32,25,24,3,4,17,35,58,26,14,14,13,11,10,17,12,2,12,11,1,3,5,11,8,7,4,0,4,0,3,5,2,1,3,2,0,0,1,1,0,0,53,53,51,36,23,19,23,19,35,6,9,7,12,10,16,10,15,15,6,17,11,13,15,14,45,47,33,26,12,29,78,103,138,72,46,76,115,116,123,56,33,46,22,15,8,2,11,9,10,15,13,11,2,5,3,11,6,7,9,7,8,21,25,11,25,18,26,17,35,25,10,18,12,13,44,21,19,26,31,14,15,18,30,8,23,13,18,17,13,12,7,23,8,10,7,5,8,7,6,8,6,9,7,4,7,4,4,6,9,9,8,5,9,11,5,5,2,8,19,17
"Chachoengsao",21,24,27,5,6,11,6,8,7,4,5,8,9,6,23,15,15,9,32,31,16,11,15,13,42,58,53,24,27,30,29,9,21,26,37,28,22,52,47,16,12,18,20,22,10,40,34,36,68,107,112,75,29,50,77,77,70,61,29,35,25,25,29,21,16,11,9,12,12,25,12,14,24,52,73,30,13,20,12,8,7,4,6,17,12,21,50,37,18,44,38,43,50,90,128,74,106,88,76,34,16,31,11,13,24,26,32,21,19,14,18,18,9,13,17,16,7,8,9,13,43,34,51,30,18,20,27,34,13,20,20,36,116,111,121,81,31,27,28,8,4,6,7,4,6,7,11,8,4,7,4,2,8,4,1,8,12,14,20,10,12,5,6,6,12,13,21,60,178,172,142,102,38,18,48,70,44,41,11,6,13,4,10,6,5,1,6,5,4,8,4,2,5,7,23,9,6,1,4,7,4,0,3,4,13,14,33,31,8,27,36,44,16,14,19,10,15,19,12,6,6,7,7,6,7,2,6,5,5,5,7,3,2,6,3,4,2,2,0,0,5,5,4,3,1,1,4,4,2,1,2,0,6,6,9,5,2,4,2,3,1,2,9,19,44,97,100,25,29,13,7,14,9,6,8,4,4,3,17,2,5,4,4,15,8,17,13,7,9,13,11,6,6,6,8,5,2,15,5,14,8,9,5,5,6,6,8,1,1,3,3,3,2,2,4,3,8,9,2,6,7,6,1,0,3,12,12,3,8,17,7,14,9,9,4,4,6,8,4,11,7,6,10,3,11,6,6,7,27,50,52,23,7,3,10,12,8,9,2,2,3,14,4,5,11,3,13,11,11,2,2,5,3,9,6,14,5,10,8,5,13,3,9,10,14,14,15,13,7,5,9,10,27,8,6,6,7,19,40,9,9,13,18,17,11,11,5,9,1,1,3,3,5,6,5,6,17,9,7,1,4,6,11,1,12,3,0,2,6,3,1,4
"Chai Nat",14,26,42,24,4,7,6,6,4,2,5,7,4,5,7,6,8,7,13,13,20,18,10,19,37,40,33,27,9,3,2,11,4,3,1,7,7,6,15,14,2,2,10,5,6,10,9,18,38,52,36,43,5,13,11,17,16,11,31,25,30,46,57,23,8,9,5,8,7,6,11,17,16,14,17,7,8,8,12,9,7,5,4,7,2,6,10,19,7,10,19,20,13,18,72,34,37,19,14,8,9,0,2,1,1,9,3,11,22,16,15,12,1,5,10,13,17,7,27,25,27,22,28,20,5,15,12,26,19,10,15,17,28,23,31,10,4,2,1,4,1,2,0,1,2,1,11,1,0,1,1,0,1,1,0,0,0,3,4,4,2,0,2,1,0,6,4,9,11,24,30,49,20,130,40,24,24,17,7,6,5,6,8,3,0,1,1,1,1,1,0,1,3,3,1,0,2,2,2,0,0,0,0,0,1,3,5,4,2,1,2,4,0,4,6,4,9,13,4,6,3,3,0,2,2,1,0,1,2,2,5,3,0,0,1,3,3,5,8,0,8,8,6,5,0,2,0,3,5,4,3,2,3,2,0,2,2,4,2,4,7,15,6,16,9,12,16,9,2,1,3,0,1,3,0,0,0,1,2,1,0,0,0,0,4,2,2,0,2,0,4,1,1,0,0,1,0,0,3,0,3,2,0,3,1,0,1,1,0,1,1,0,1,9,12,7,10,10,2,2,2,1,0,3,3,1,5,2,3,6,3,8,2,10,5,2,11,16,16,14,7,9,8,12,20,22,22,7,10,13,11,7,4,12,5,3,6,9,3,1,6,3,3,2,5,6,7,9,7,7,0,0,2,5,7,14,5,5,10,4,0,2,2,1,0,2,5,9,5,1,3,4,7,9,1,3,1,1,5,3,2,2,7,8,3,0,1,0,0,1,1,1,1,1,4,1,1,1,2,0,1,1,1,3,2,4,4,3,2,1,3,2
"Chaiyaphum",9,29,49,18,20,14,7,8,2,2,4,2,3,6,41,11,14,16,9,12,11,0,4,0,7,25,39,14,20,29,16,18,11,7,15,17,26,66,189,134,70,55,52,26,18,21,27,34,19,53,69,59,41,28,27,20,14,19,19,23,34,49,64,58,40,55,69,51,36,15,47,21,25,23,58,50,30,41,23,30,14,20,24,10,23,18,39,18,18,36,54,105,99,159,148,107,181,158,207,116,73,70,38,37,40,29,53,24,36,27,19,10,9,11,20,14,8,18,14,10,16,38,19,22,38,55,64,33,39,38,40,38,80,80,159,64,44,50,48,30,24,26,12,3,10,19,22,13,11,19,19,15,7,6,6,2,6,13,17,14,21,53,34,25,22,15,13,9,61,101,163,113,112,256,297,183,111,82,35,42,31,28,20,5,11,23,23,28,21,15,4,4,12,17,11,6,9,9,13,6,6,3,1,1,9,7,17,15,25,16,29,39,40,47,38,25,37,37,50,8,9,10,7,5,2,8,2,0,3,2,0,2,1,10,3,2,3,0,4,1,9,9,28,7,13,10,4,5,3,1,5,5,6,6,6,10,3,8,26,165,104,106,15,10,4,11,12,12,11,13,7,2,5,12,3,12,6,1,3,5,8,6,3,2,1,0,2,1,5,26,43,9,3,5,7,6,6,6,2,2,2,3,3,1,2,2,4,4,2,3,0,3,1,0,1,0,0,1,0,0,1,0,0,1,0,1,0,0,0,0,1,1,0,1,0,1,0,0,0,0,2,2,0,1,0,0,2,0,0,2,1,1,0,1,0,0,0,1,1,0,0,0,0,0,2,0,1,0,0,0,0,0,0,0,0,0,2,0,0,0,1,0,0,0,2,0,0,1,0,0,0,0,0,0,1,0,0,0,0,0,1,0,0,0,0,1,0,0,0,0,0,0,0,0,0,0,0,0,0,0,0,0,0,0,0,0,0,0,0,0,0,0
"Chanthaburi",34,42,39,28,21,25,33,80,45,30,38,29,32,38,25,13,4,14,10,11,10,10,8,11,21,38,42,47,31,32,13,18,25,41,25,16,79,107,146,117,64,52,46,52,70,109,102,84,101,86,63,63,44,30,43,38,16,29,19,10,22,36,39,27,11,20,21,41,55,70,59,78,106,136,78,68,38,23,18,17,10,3,6,11,15,33,33,38,17,43,83,192,187,187,198,76,67,76,74,47,21,12,21,14,8,12,8,7,5,9,9,11,7,8,9,8,1,2,6,18,11,28,47,31,12,19,40,34,25,14,29,12,20,31,29,21,11,27,13,5,1,3,1,7,6,5,16,5,6,4,2,6,6,7,1,3,13,25,36,12,6,14,13,20,52,153,117,137,214,94,57,15,9,12,9,6,4,1,1,0,1,2,8,0,8,9,10,8,6,2,2,2,4,2,4,2,4,7,5,6,6,4,2,2,3,5,2,7,2,4,8,6,9,8,16,30,26,25,15,8,6,5,5,24,26,8,6,1,2,0,3,1,2,4,3,4,5,8,1,2,3,2,3,0,2,3,0,4,2,2,1,0,1,2,0,3,4,2,1,1,1,0,1,1,3,10,9,7,4,15,11,2,1,4,0,2,5,0,4,2,2,1,0,4,0,3,0,2,0,1,2,3,1,3,2,3,0,0,2,6,55,42,20,7,2,5,6,2,4,1,2,2,3,3,6,0,2,6,4,3,2,0,1,0,3,1,3,1,0,1,1,2,2,3,0,0,1,4,3,1,2,2,4,2,1,1,5,1,1,0,4,1,0,3,0,0,2,2,0,0,0,1,1,1,1,2,2,1,1,1,1,0,2,0,0,2,1,1,3,3,0,1,0,2,1,1,1,0,0,0,0,0,1,0,0,2,1,0,1,0,1,1,0,0,0,0,0,0,1,2,1,0,0,0,0,0,0,0,0,0,1,0,2,0,0,0,0,1,0,1,0,0
"Chiang Mai",27,45,71,49,2,8,62,54,21,14,11,55,39,66,179,85,48,34,45,37,26,35,21,21,40,69,168,88,40,35,38,27,18,21,18,12,29,44,56,51,56,43,160,65,56,54,37,2,113,139,210,129,193,130,68,135,96,81,66,21,55,92,252,156,53,40,92,136,50,57,54,11,50,56,91,49,36,26,34,22,15,3,10,18,23,23,74,41,33,41,55,43,54,33,21,51,148,235,258,91,137,145,110,65,62,64,50,60,43,31,29,15,7,10,15,12,14,14,12,31,37,48,26,21,29,39,118,64,25,10,11,28,33,55,109,79,36,39,58,49,57,32,36,23,11,12,27,15,7,9,16,17,12,13,6,8,20,31,48,16,14,13,43,17,29,22,17,32,129,185,243,115,198,248,242,86,64,46,18,33,37,38,50,30,55,38,8,14,10,9,16,0,9,3,8,5,6,5,9,4,4,5,5,11,36,57,26,9,8,7,14,6,5,12,20,10,43,125,132,60,55,64,41,13,14,12,4,2,4,1,5,6,12,14,2,3,6,6,1,5,5,6,6,4,6,4,7,3,2,1,1,1,0,3,1,1,4,3,6,2,1,6,8,8,74,43,62,48,19,34,52,43,38,15,3,1,19,10,24,8,11,12,4,13,10,5,3,3,8,10,9,10,7,10,9,18,9,4,6,10,21,17,6,11,8,6,5,16,3,8,4,1,4,2,8,5,5,8,9,1,3,10,1,2,3,3,3,0,5,5,4,3,4,1,0,3,7,7,4,6,7,12,8,2,7,9,3,6,0,6,8,6,2,6,5,2,5,3,2,0,3,1,4,0,1,3,3,2,6,2,2,2,4,2,1,2,3,5,1,1,2,0,3,0,0,2,3,1,0,3,2,1,3,3,2,1,4,0,4,2,0,5,3,3,1,1,0,1,0,0,0,1,0,2,1,2,4,1,2,0,0,0,0,0,1,1,1,0,3,1,4,1
"Chiang Rai",3,74,31,0,4,9,37,15,11,13,11,9,33,52,80,53,58,50,56,31,27,20,32,26,31,53,99,81,95,71,66,35,46,32,34,24,35,34,40,44,12,21,17,25,29,32,33,41,87,191,174,107,94,161,194,145,86,81,49,21,58,142,81,79,37,44,37,28,27,56,26,22,49,32,43,35,36,44,33,18,11,9,11,8,8,7,18,17,17,38,77,76,39,47,58,64,113,174,170,91,107,100,85,63,29,17,10,9,17,15,18,11,13,15,7,11,3,6,4,3,14,19,44,42,13,44,19,27,18,13,19,21,24,35,41,39,34,71,109,66,48,35,42,27,5,30,54,28,13,20,26,28,32,47,19,15,26,63,99,46,21,23,52,35,33,27,20,17,31,52,31,17,32,49,47,95,113,101,44,39,67,88,56,17,14,12,13,10,15,7,2,1,5,6,10,3,10,5,8,5,44,2,3,3,11,12,35,18,18,77,44,86,96,99,107,140,255,179,206,81,33,42,42,19,13,8,6,11,8,5,16,8,10,9,9,9,5,2,3,4,6,3,6,3,6,7,9,5,4,3,4,5,12,2,5,2,3,5,4,8,7,5,4,1,3,5,22,27,17,53,19,6,5,8,3,0,8,11,11,10,9,11,9,5,8,7,1,2,7,10,11,6,5,5,3,1,0,3,1,1,2,3,3,1,3,6,8,3,2,0,0,0,1,4,3,7,3,3,7,11,10,8,3,8,11,16,12,17,12,9,5,7,8,3,4,4,30,85,53,10,4,116,132,89,76,39,27,17,7,20,24,20,24,11,22,4,8,7,4,5,3,10,15,15,11,16,21,17,4,3,1,3,3,6,17,5,6,7,3,4,6,15,16,3,11,11,12,10,9,28,21,43,11,11,11,9,5,8,6,4,11,11,11,18,7,4,5,2,2,1,0,2,1,1,3,3,2,1,3,6,2,0,0,1,1,2,2,2,3,6,0,1
"Chon Buri",43,70,39,47,9,7,12,7,8,14,19,14,12,40,72,24,18,8,25,39,59,38,20,20,52,34,29,35,21,21,9,8,9,17,20,25,51,42,80,36,14,20,17,29,48,110,211,207,241,245,234,111,56,55,79,78,60,48,47,41,57,42,67,34,31,39,38,49,43,58,59,85,68,67,97,72,32,14,72,17,26,28,36,37,52,49,119,140,71,211,278,313,253,179,152,97,122,123,112,43,19,15,26,28,8,5,15,19,27,46,49,34,13,40,22,28,19,27,51,71,66,70,113,49,15,32,33,64,53,42,37,65,128,111,152,77,20,19,46,16,13,98,8,8,34,12,45,86,33,11,45,8,16,19,5,8,26,62,117,25,17,10,110,29,30,58,37,154,572,324,385,123,41,56,32,43,27,15,15,10,11,7,23,13,13,13,20,13,6,51,8,6,6,9,8,7,8,7,14,7,16,7,7,5,10,21,48,26,16,15,12,14,20,25,22,19,32,24,42,27,11,14,9,26,10,14,16,16,28,17,9,3,4,3,5,8,4,3,3,2,11,14,16,11,9,6,3,7,8,7,2,5,3,12,10,6,10,3,4,6,4,5,12,11,22,25,36,14,13,37,20,11,4,8,3,1,5,9,10,9,4,4,6,4,2,7,4,3,5,13,11,8,4,4,3,1,3,3,2,1,2,6,6,6,2,4,0,2,1,2,3,3,2,3,5,4,1,2,4,1,3,8,70,23,73,25,7,14,5,5,7,1,4,0,2,4,3,3,3,3,7,6,6,4,4,4,5,2,3,8,14,4,6,11,9,2,5,0,1,2,1,3,6,6,5,3,1,1,2,5,0,6,2,1,2,2,1,0,1,2,1,1,4,4,20,5,10,9,11,9,41,26,6,1,0,2,6,9,10,5,8,3,1,1,2,2,0,1,0,0,0,1,2,0,0,2,2,0,0,1,0,0,0,0,0,1,0,0,0,0,0,0
"Chumphon",18,19,12,4,9,3,6,2,7,12,8,5,0,15,19,7,14,8,14,31,39,42,19,2,37,45,56,42,34,35,22,26,43,38,24,3,9,5,0,21,5,13,9,7,13,18,10,9,11,20,8,4,10,2,27,25,24,34,22,26,22,29,36,37,28,53,48,47,28,19,15,6,8,16,12,15,11,16,10,9,6,7,3,1,9,6,6,8,1,2,8,13,14,36,38,28,53,69,49,51,28,41,19,34,9,10,26,19,20,17,21,12,6,13,9,16,11,11,3,9,14,31,53,37,22,23,40,45,45,27,36,26,33,30,17,19,27,23,38,44,29,28,20,12,10,2,17,8,4,7,11,4,3,2,2,7,5,8,19,5,8,3,8,26,69,103,81,56,112,136,114,49,16,12,9,11,5,10,2,4,14,8,7,12,5,5,9,13,9,5,5,4,3,3,4,4,4,3,14,9,5,13,3,4,5,5,9,3,1,6,2,4,0,18,7,9,22,47,27,22,12,4,13,25,11,12,12,4,0,7,2,3,1,3,3,5,6,1,3,4,4,0,3,7,9,2,1,2,0,2,4,0,3,3,0,2,0,3,7,12,50,35,10,18,16,15,8,7,4,2,2,1,6,1,0,0,1,0,2,0,0,2,1,0,3,4,6,6,7,1,1,3,1,1,4,8,18,19,4,2,2,1,0,3,0,0,0,5,4,1,3,0,3,6,5,9,12,21,17,14,7,15,11,7,20,10,16,12,11,12,9,3,7,9,4,12,60,26,21,18,20,18,25,35,39,22,30,26,60,76,145,77,47,43,22,7,6,8,6,5,30,18,13,31,8,11,7,10,9,1,0,0,9,3,6,14,7,7,20,7,8,10,6,8,6,12,9,15,19,17,23,42,26,35,61,40,65,82,55,46,100,18,23,8,17,9,5,3,5,4,7,3,0,6,0,4,2,5,5,3,3,4,6,2,6,2,2,3,14,9,1,2
"Kalasin",1,4,6,9,2,0,5,2,0,1,4,5,0,4,10,13,32,16,16,2,1,3,4,2,3,7,16,16,10,5,20,19,8,20,9,1,16,22,30,37,33,19,18,11,11,11,5,7,17,18,24,13,24,42,47,31,26,11,10,9,13,8,8,17,15,16,22,26,31,18,14,11,29,20,14,41,41,59,34,15,16,7,9,14,18,17,20,13,15,44,20,35,32,35,54,32,41,36,55,20,28,60,63,25,13,11,11,6,4,8,12,21,21,23,30,34,49,64,64,44,48,68,47,50,41,83,86,41,23,20,22,31,17,15,45,30,35,24,17,8,2,0,0,0,2,5,5,9,1,4,2,5,5,3,0,1,13,9,20,7,5,7,31,14,7,38,28,24,82,102,56,33,29,28,39,35,39,23,3,5,1,23,27,12,8,8,8,0,2,1,0,0,4,9,10,2,6,3,3,2,3,3,2,3,16,16,46,64,60,122,131,79,63,75,31,15,20,30,26,15,7,5,3,0,1,0,4,3,1,1,3,0,3,5,0,2,3,0,0,0,1,1,2,1,2,1,1,1,1,0,0,1,0,2,1,3,1,1,6,2,0,0,0,1,8,2,0,5,3,7,2,8,2,1,0,1,1,2,4,1,3,2,3,1,8,47,32,7,2,5,3,0,2,1,2,5,1,1,1,0,2,4,5,6,8,3,5,4,1,5,2,0,0,2,1,0,2,1,0,6,7,0,1,1,1,3,1,0,0,0,0,1,0,0,0,0,2,4,5,6,3,2,8,8,0,1,0,1,1,0,1,0,2,1,0,0,0,0,1,0,1,2,0,1,0,0,2,0,0,0,1,0,0,0,0,0,0,1,5,4,6,2,2,0,0,8,5,4,2,1,1,1,1,3,0,0,0,1,0,0,1,1,0,0,0,0,0,1,1,0,0,1,1,0,1,1,2,0,0,0,1,0,1,0,0,1,0,1,1,0,0,0
"Kamphaeng Phet",18,32,37,19,7,4,5,9,0,0,2,1,15,25,19,35,12,24,7,9,10,10,3,3,21,28,59,2,10,7,4,4,2,2,1,2,6,11,24,12,9,15,9,18,6,4,6,16,20,30,49,48,47,41,55,53,43,44,45,19,73,78,55,36,13,9,11,9,9,2,5,3,4,13,12,15,14,22,16,16,12,18,25,27,33,67,77,42,24,26,27,37,20,25,18,19,61,87,143,75,41,49,41,29,25,21,15,9,7,5,18,13,2,8,18,18,23,37,74,62,115,94,112,61,37,26,24,11,5,6,13,13,21,30,27,30,11,10,9,5,12,13,2,5,10,25,31,10,1,2,4,7,4,2,7,8,11,17,23,6,13,8,13,11,26,11,10,37,116,142,164,131,55,47,54,41,38,21,29,30,38,32,41,25,18,21,23,17,18,20,12,5,28,20,19,14,16,19,13,7,5,2,3,4,13,17,11,11,16,15,31,35,37,55,29,42,103,84,44,20,11,22,6,3,9,9,8,4,2,7,3,1,6,5,4,5,3,5,3,3,4,5,16,7,3,6,5,4,6,4,4,3,12,13,12,9,7,4,7,4,6,7,3,2,3,5,3,5,11,9,10,7,8,6,4,5,2,9,4,3,10,1,4,4,2,4,3,1,2,2,5,3,5,4,5,2,0,1,1,0,4,3,2,3,2,0,0,2,0,3,2,2,2,1,1,2,0,1,4,0,1,3,1,1,0,2,1,3,3,4,2,2,3,1,1,0,5,2,2,0,1,2,1,1,2,0,1,2,3,1,5,1,2,4,1,3,0,0,1,2,1,3,1,0,0,1,0,2,2,0,0,0,2,1,1,2,1,1,0,0,1,1,0,4,4,3,3,1,1,0,0,2,1,1,0,1,0,4,5,2,1,3,1,0,3,3,1,0,0,1,0,1,2,0,0,2,0,3,0,0,0,6,1,2,0,2,0,0,2,0,1,0
"Kanchanaburi",29,12,43,31,11,2,4,9,15,19,28,20,17,31,49,40,25,42,60,95,70,80,33,26,59,77,49,67,24,24,5,14,12,17,15,17,30,16,37,38,20,23,42,42,26,59,20,35,72,56,70,79,55,51,88,110,36,39,41,49,64,67,54,35,29,36,31,38,37,20,22,20,17,38,23,26,30,35,30,27,13,33,27,49,54,88,70,54,26,70,35,69,37,63,73,47,84,91,136,66,59,33,46,14,15,15,8,10,25,23,12,18,13,17,10,12,6,12,26,29,53,82,107,65,41,46,50,81,57,50,74,93,162,154,149,74,16,21,17,10,21,15,15,11,9,14,30,14,10,5,9,11,3,9,5,7,36,29,61,19,9,19,23,30,37,32,25,32,80,95,87,54,13,26,19,32,46,53,14,28,42,46,31,9,11,11,8,6,6,5,4,9,12,8,16,3,8,8,3,6,2,3,6,4,2,4,13,11,12,7,2,11,20,21,14,30,92,138,125,47,16,15,22,13,14,8,7,3,5,6,4,2,4,5,4,10,3,2,4,3,4,6,9,7,12,5,4,3,3,7,1,2,7,3,6,11,1,9,9,4,7,6,10,18,38,49,50,11,5,7,7,3,6,2,1,2,3,5,4,8,4,7,4,7,2,1,3,1,10,5,4,5,2,5,5,4,3,3,2,2,3,25,6,8,5,6,4,10,18,6,7,9,3,3,3,3,2,3,2,3,1,1,0,0,2,3,3,2,1,2,4,5,1,2,0,2,5,3,5,6,1,3,1,9,2,11,13,11,8,12,14,16,12,8,9,4,6,3,1,5,0,4,6,3,2,2,3,1,1,1,1,0,4,1,4,1,3,5,5,1,2,3,3,2,0,1,0,0,1,0,0,0,0,0,0,0,0,0,0,0,3,2,3,0,7,2,2,0,1,2,3,1,1,5,1,4,3,3,2,0,1,0,1,0,0,2,0,1,0,1,1,0
"Khon Kaen",23,64,92,85,39,69,76,43,17,38,41,34,16,32,79,33,34,28,31,15,12,16,19,11,11,33,64,83,93,56,31,47,30,26,29,18,45,123,213,120,77,70,66,80,69,74,82,88,99,140,124,116,126,141,113,110,58,45,36,23,56,76,102,80,71,134,106,80,52,36,30,27,42,43,65,63,41,46,26,46,35,30,17,24,24,38,56,21,31,69,52,54,57,78,107,111,292,312,237,79,73,31,63,28,13,9,4,3,7,12,16,15,12,22,22,22,25,27,28,26,48,46,75,47,66,45,80,57,57,48,53,79,98,104,152,51,33,47,24,20,21,23,16,11,2,6,21,7,1,9,8,4,7,2,5,2,12,23,41,12,7,28,41,35,52,48,53,38,103,147,108,49,47,35,18,4,1,5,11,14,12,10,14,14,6,5,6,4,4,6,3,2,22,18,16,7,6,2,7,1,7,11,3,2,8,10,25,13,14,10,10,26,15,17,8,6,16,18,12,3,6,5,4,0,5,5,2,5,6,4,1,6,5,7,5,1,0,1,1,3,2,3,8,6,2,0,1,0,0,2,2,4,2,2,6,6,3,6,5,11,7,5,0,5,11,31,13,7,1,7,9,8,3,5,0,0,2,6,9,3,3,5,0,0,3,0,2,5,3,5,11,2,1,5,0,7,10,1,4,3,1,1,1,2,1,5,3,3,3,17,3,2,20,23,34,11,6,5,6,5,2,2,3,2,7,4,2,8,3,8,3,1,1,4,2,5,7,4,4,5,4,5,11,6,12,9,11,8,17,11,8,4,7,13,19,3,5,4,6,2,0,6,3,3,0,3,1,4,1,0,2,1,0,3,1,0,2,3,7,3,1,3,0,0,4,4,5,5,5,5,6,5,3,10,0,5,6,2,2,5,3,1,1,2,0,3,0,1,1,2,0,0,0,0,1,1,1,1,1,0,0,3,3,0,0,1,1,3,0,0,0,1
"Krabi",3,3,2,3,5,12,18,22,17,10,18,12,10,4,15,6,4,5,2,2,6,2,4,5,2,4,3,2,6,3,0,2,2,5,13,12,12,6,12,5,7,5,8,17,9,14,18,8,10,20,13,4,5,5,15,16,9,13,8,5,6,2,5,8,4,4,14,21,17,11,10,9,12,30,9,6,3,4,2,2,4,2,6,2,3,12,9,4,10,23,27,52,50,43,42,41,40,46,39,30,13,13,13,23,26,14,3,9,6,4,14,6,4,5,2,5,9,16,10,12,10,9,20,11,11,26,42,56,49,97,63,43,35,27,40,15,10,13,9,15,6,15,9,2,6,2,2,5,4,3,6,9,9,20,37,39,52,49,64,16,16,33,15,13,16,24,12,6,20,5,4,7,9,26,12,17,13,17,1,12,9,15,13,9,6,20,33,53,74,87,37,24,9,8,6,4,6,1,5,4,3,4,1,0,6,3,2,2,1,7,3,13,7,9,4,3,8,3,1,1,0,6,8,3,1,7,5,0,3,4,2,0,3,0,2,0,1,1,0,0,3,2,1,1,1,0,0,1,2,7,0,1,0,2,2,0,1,0,4,13,13,6,1,2,2,6,8,1,0,5,4,1,0,1,2,0,0,0,0,0,2,0,0,1,1,2,0,0,2,1,4,1,0,1,2,2,4,0,0,1,1,2,0,1,1,7,1,3,2,2,1,0,4,0,2,1,0,2,4,1,2,0,0,0,1,1,1,0,2,0,2,3,2,5,2,0,2,30,13,2,2,3,4,3,2,5,3,7,8,36,18,12,10,9,1,3,1,6,5,2,5,6,5,5,3,4,2,2,3,1,1,1,1,4,4,4,5,7,1,0,7,8,2,2,6,4,18,32,18,6,23,4,7,5,2,0,4,5,4,8,13,12,11,7,5,3,4,0,0,1,2,2,1,2,1,3,1,1,3,0,0,1,2,4,1,1,1,2,3,1,3,0
"Bangkok Metropolis",575,478,378,163,57,34,39,54,78,108,107,60,354,578,807,544,296,211,287,520,631,647,464,386,752,802,621,328,177,113,129,165,182,348,301,327,616,617,583,346,164,127,198,421,696,890,578,373,630,904,930,471,186,184,262,499,591,710,570,474,570,490,438,223,119,134,191,229,260,352,278,230,357,419,307,203,105,80,76,120,131,208,208,185,383,434,506,322,187,222,489,1016,996,1008,529,368,463,366,246,112,73,32,148,121,117,145,99,109,123,115,131,105,32,24,14,4,108,172,149,212,369,394,443,187,41,82,116,167,170,267,178,179,350,407,506,184,79,60,53,59,61,59,54,28,53,31,79,34,16,27,8,18,15,15,15,39,59,99,140,39,28,37,53,62,72,114,115,179,434,518,463,160,73,63,48,37,44,48,32,29,44,28,54,21,21,12,16,18,13,19,25,14,21,42,24,20,9,17,8,20,10,22,24,58,67,72,158,108,58,79,53,100,152,152,136,94,91,140,138,61,25,19,21,24,16,19,14,10,28,20,52,29,21,25,22,26,13,13,10,12,25,18,33,23,15,9,24,29,32,42,34,7,24,31,20,20,18,24,43,87,77,78,45,31,31,50,42,52,22,3,7,10,2,3,1,1,17,10,5,8,0,1,0,4,4,1,0,0,0,0,0,1,0,11,6,24,15,9,7,11,9,17,24,1,4,23,14,9,30,26,27,17,17,26,9,5,5,1,2,6,5,10,3,1,3,0,4,6,3,2,1,3,2,0,4,4,1,7,12,11,6,10,17,13,13,16,13,10,12,10,12,3,7,5,9,3,6,4,1,2,3,2,2,1,3,0,2,3,2,0,1,2,1,6,4,5,7,5,3,1,5,1,1,1,0,2,3,6,1,0,5,4,2,4,5,7,3,6,11,3,18,1,4,4,4,1,3,2,2,3,3,0,5,2,1,1,1,2,1,0,3,1,2,1,4,1,2,3,2,3,5,3
"Lampang",9,31,49,37,12,13,10,3,13,3,0,3,6,17,18,16,6,8,5,2,12,29,21,15,20,53,50,14,17,34,29,48,34,33,39,12,18,52,46,44,37,32,37,30,43,63,41,78,143,259,257,170,74,70,68,78,54,69,60,98,183,161,143,93,87,71,115,57,50,22,20,19,28,22,32,21,25,31,16,9,19,7,7,12,16,10,20,9,27,47,61,69,58,52,75,50,109,89,42,113,39,29,21,22,16,5,4,34,25,10,7,2,1,7,3,2,1,1,1,2,3,2,15,8,5,7,18,12,6,9,8,0,43,39,87,24,8,8,18,6,3,2,3,1,0,0,2,3,0,1,1,5,2,1,0,2,4,1,23,2,6,7,9,13,4,3,5,10,23,44,58,55,28,43,83,32,51,35,9,13,16,32,12,4,1,0,0,1,2,1,1,0,3,1,0,2,3,5,3,0,1,2,2,0,2,1,6,1,2,3,2,3,0,1,0,0,1,4,8,6,1,4,1,4,1,1,1,0,0,0,0,0,0,1,0,0,0,0,1,0,0,0,0,1,1,4,5,2,1,0,1,3,3,6,8,2,2,0,2,1,3,3,1,0,1,1,0,3,2,2,2,2,4,5,7,20,49,69,58,24,11,4,5,4,1,2,2,4,0,3,7,0,2,3,2,0,0,0,0,5,2,0,1,1,2,2,1,0,4,1,2,2,0,1,0,1,0,1,0,1,2,2,0,0,3,1,2,0,5,4,0,1,3,1,0,0,2,0,4,3,2,2,2,1,1,0,2,0,5,1,5,1,7,2,2,1,2,4,1,1,1,0,1,0,1,4,0,8,2,1,1,0,0,2,2,0,0,0,0,1,2,2,0,1,1,4,0,4,0,1,0,0,0,1,0,2,3,0,2,2,1,0,1,0,0,0,0,0,0,0,0,1,0,1,2,1,0,0,0,1,0,0,2,0,1,0,0,0,0,0,1,1
"Lamphun",5,13,14,8,2,1,8,5,2,1,4,1,2,6,20,1,9,14,72,43,50,20,12,15,31,15,8,23,3,7,2,2,0,2,1,1,10,5,11,6,5,4,8,3,19,23,27,10,32,68,65,28,24,17,26,13,26,42,42,22,38,26,12,22,13,17,14,16,4,7,5,7,22,23,15,6,4,2,2,1,2,3,17,2,2,4,5,6,8,5,12,20,14,6,9,12,40,38,40,17,8,13,21,2,6,7,6,0,4,4,6,2,0,10,7,10,5,4,4,4,2,4,8,2,10,17,12,51,58,58,20,9,11,9,20,11,12,4,11,3,3,0,3,1,1,4,5,2,2,2,2,4,3,3,1,0,3,1,12,6,6,4,2,1,0,4,2,6,11,11,10,11,11,8,9,4,14,74,9,27,31,25,60,27,16,7,0,4,4,1,0,0,0,0,1,0,2,3,0,0,1,1,1,0,3,3,3,1,3,2,4,3,2,3,1,0,1,1,5,7,3,4,7,7,7,3,0,0,3,2,3,2,3,1,5,0,2,1,2,3,1,1,4,3,6,5,4,4,1,1,3,0,1,1,0,5,1,3,1,0,1,0,0,0,2,1,5,17,11,4,14,57,136,143,83,77,23,8,4,5,3,4,4,3,1,0,2,2,4,0,3,1,1,0,2,1,1,3,0,0,2,3,0,1,0,0,2,1,0,0,0,0,1,3,5,0,0,2,3,3,2,5,1,1,4,8,3,1,1,0,0,0,1,1,0,0,0,1,1,0,2,0,3,5,0,1,0,0,3,5,2,2,0,3,4,3,1,0,1,0,2,4,2,2,0,2,2,2,3,0,0,1,0,0,0,0,4,1,1,1,4,19,1,3,3,0,0,0,0,1,4,0,0,0,0,1,1,0,0,1,0,0,0,0,0,0,0,0,0,0,0,0,0,0,0,0,0,0,0,0,0,0,0,0,0,0,0,0,0,0,0,0
"Loei",3,28,30,6,18,28,14,19,6,4,25,22,25,49,62,42,32,75,36,22,16,5,5,6,21,33,45,9,18,6,13,12,13,10,21,22,30,79,148,124,84,44,35,55,77,58,50,28,84,76,91,91,45,55,47,19,8,12,12,8,15,24,33,37,9,34,18,38,55,33,31,20,13,68,40,31,11,38,26,17,17,5,20,23,25,21,25,14,21,38,26,9,13,16,40,23,62,69,94,65,14,29,21,36,30,29,28,20,33,62,120,78,47,51,46,23,33,16,20,19,12,27,17,13,17,9,18,16,17,44,83,47,51,105,81,43,33,39,41,29,21,8,10,2,1,9,21,13,12,7,9,5,10,3,2,1,5,3,13,7,7,21,19,45,90,128,144,138,96,65,49,32,19,23,16,9,5,2,4,5,13,8,17,14,9,22,11,19,24,19,4,1,3,6,8,2,2,7,3,2,6,5,5,0,8,9,8,2,7,28,21,22,17,25,17,14,18,17,7,4,7,4,0,1,1,0,0,0,6,7,7,2,2,3,3,1,0,3,1,0,3,0,4,1,2,1,2,0,0,0,3,17,35,37,32,25,8,32,18,8,0,3,3,0,3,5,1,8,5,11,4,1,1,0,1,0,1,1,2,0,1,1,3,2,0,1,1,1,1,1,4,4,1,0,1,1,0,0,0,0,0,0,1,0,0,9,1,10,0,4,1,3,2,1,3,1,2,0,0,6,3,0,0,1,0,0,1,0,0,1,0,3,2,0,0,0,1,1,0,2,2,4,5,13,8,2,2,2,0,2,5,2,0,0,0,7,2,1,1,0,1,1,1,1,0,0,0,0,1,0,0,1,0,8,1,3,0,0,0,1,0,1,2,3,2,2,2,2,3,0,0,1,1,0,0,0,2,3,0,6,7,14,8,0,1,0,1,1,0,0,0,0,0,1,0,0,0,0,0,0,0,0,1,0,1,0,0,0,0,0,0,0
"Lop Buri",45,30,27,26,6,4,4,2,2,5,4,15,69,90,121,49,22,28,13,6,19,30,19,22,63,63,70,28,17,21,9,10,4,7,10,12,13,34,30,15,9,10,9,15,30,35,28,42,91,113,138,83,41,30,32,22,19,45,36,54,67,82,66,22,15,6,6,9,6,5,6,12,11,28,31,9,8,9,5,18,14,14,11,19,13,26,47,25,12,31,23,33,98,145,209,221,154,113,79,15,12,10,25,15,7,10,7,5,3,4,6,5,1,4,3,8,5,6,1,13,22,34,31,16,14,27,23,15,16,26,34,45,71,74,83,32,13,6,10,7,2,3,1,2,3,8,6,5,7,1,4,11,1,1,5,0,1,5,13,5,2,3,21,19,49,31,30,49,108,94,59,47,10,11,7,4,19,3,5,3,5,4,5,3,2,5,3,4,8,4,8,0,2,8,10,1,5,1,3,1,2,5,2,0,2,4,2,1,2,1,3,3,4,12,12,4,12,20,22,9,5,2,14,2,7,5,8,7,3,2,8,0,4,5,7,2,4,2,1,2,2,9,7,9,7,5,7,6,2,5,4,5,12,7,5,4,0,3,4,2,2,4,4,2,4,11,9,2,4,5,1,3,4,1,4,4,7,0,12,2,2,1,0,3,3,10,3,5,3,2,7,0,1,3,1,3,1,0,3,0,0,6,1,1,1,2,1,0,5,1,1,3,0,1,5,2,2,2,0,1,1,0,0,1,1,0,0,2,2,0,2,3,0,0,0,0,1,1,1,1,2,0,0,0,1,1,1,0,2,0,4,0,2,1,0,0,1,0,1,0,0,0,1,0,1,1,0,1,5,0,0,0,0,0,0,0,0,0,0,0,0,0,0,0,0,0,0,0,0,0,0,1,0,0,0,0,0,0,0,0,0,0,0,0,0,0,0,0,0,0,0,0,0,0,0,0,0,0,0,0,0,0,0,0,0,0,0,0,0,0,0,0
"Mae Hong Son",13,4,2,8,6,8,12,1,3,1,0,0,1,5,58,73,42,23,19,6,14,4,3,24,68,77,103,117,22,10,10,5,3,4,2,1,0,9,0,0,2,1,4,7,6,11,41,31,95,287,274,256,149,52,45,39,13,26,17,5,5,2,1,2,4,2,3,3,2,1,1,0,1,0,1,4,1,0,0,0,0,0,0,0,0,0,0,2,3,6,4,7,7,25,101,55,51,169,211,115,29,10,15,10,2,1,1,0,0,5,6,0,1,0,4,3,2,2,1,2,7,33,45,17,19,68,19,22,18,29,11,18,24,25,24,11,14,31,62,10,8,5,27,25,2,4,32,13,5,2,0,3,2,7,2,0,4,4,4,3,4,4,1,1,0,0,6,7,7,21,21,62,64,63,41,32,15,22,8,2,2,6,2,2,2,15,14,2,1,0,0,0,1,0,3,2,0,0,0,0,2,3,7,24,39,50,41,26,28,83,74,29,15,2,7,7,3,4,2,8,5,3,2,3,0,4,0,0,1,4,1,1,0,4,0,0,1,0,0,1,0,6,1,0,0,0,1,1,0,2,0,3,0,2,2,3,8,2,1,0,1,0,1,0,6,27,45,0,23,77,12,18,2,3,2,0,1,0,5,1,1,1,0,1,0,0,0,0,0,1,0,1,1,2,2,0,0,0,2,0,2,10,14,8,0,7,48,26,14,5,1,3,7,0,4,0,4,2,2,2,4,1,0,2,0,3,1,0,1,3,2,1,2,1,2,1,3,22,2,3,1,1,8,12,12,4,1,4,2,4,11,3,1,0,3,1,3,1,1,1,0,4,0,0,0,1,1,2,0,2,2,3,5,34,5,6,6,17,15,6,2,0,1,1,5,4,4,3,3,0,0,0,2,1,0,0,2,2,3,0,5,1,1,0,1,0,2,1,2,3,2,3,1,2,0,1,0,0,1,0,0,1,2,0,1,0,0,3,2,0,1,0
"Maha Sarakham",3,14,13,6,14,6,17,16,7,3,7,15,19,23,41,27,30,24,45,24,18,23,10,9,28,52,55,18,13,28,19,32,7,13,12,6,12,46,40,33,18,14,19,18,14,15,21,20,22,53,51,32,50,50,54,36,25,34,41,25,34,33,40,33,22,35,69,76,48,60,71,48,50,72,92,64,47,56,20,29,13,5,9,14,7,15,9,12,10,30,36,35,28,30,49,49,100,94,82,55,93,101,43,35,12,9,5,6,8,6,27,17,34,27,32,30,20,16,2,2,13,13,26,10,14,47,18,30,31,26,62,46,93,64,71,26,22,22,12,14,13,6,2,4,14,50,18,15,15,14,16,5,2,5,4,7,10,10,22,9,3,12,25,20,21,46,156,112,161,251,196,109,50,20,44,49,25,4,2,2,4,6,3,9,4,5,6,4,4,4,0,0,2,9,14,9,3,1,6,9,7,10,25,11,8,23,53,37,30,44,48,38,45,35,27,11,36,28,33,11,5,4,2,2,4,5,2,1,1,4,4,2,5,10,6,5,3,1,2,0,6,3,9,2,2,2,2,2,1,1,6,7,12,10,9,5,2,1,1,4,8,0,1,4,2,2,9,6,5,6,2,8,8,2,0,1,3,0,3,4,1,2,0,0,0,2,0,0,1,3,4,2,0,1,2,1,0,1,1,0,0,2,2,1,0,0,1,2,3,4,1,1,2,3,0,1,0,0,2,4,7,3,1,0,0,2,5,1,0,2,0,0,0,0,0,0,0,1,1,2,1,1,2,3,10,7,5,2,1,0,1,0,1,0,4,0,0,1,0,0,2,2,1,0,1,0,4,1,0,1,0,0,0,2,0,0,0,0,0,0,0,1,1,0,1,0,1,0,3,15,13,4,0,0,1,2,3,1,1,0,0,2,9,1,1,0,0,1,0,0,0,0,0,0,1,1,0,0,1,0,1,0,0,0,1,0,0,0,0,0,0,0
"Nakhon Nayok",24,27,19,4,6,10,3,3,2,0,6,1,2,14,7,8,10,0,3,9,1,2,0,0,26,72,34,24,11,18,16,4,4,8,8,12,26,36,27,11,0,2,2,13,8,22,23,41,36,37,30,22,10,15,14,6,19,24,18,29,46,28,18,8,4,12,13,13,6,4,1,0,6,17,10,11,5,4,2,6,5,25,15,24,34,31,14,8,5,3,24,43,58,84,95,44,43,14,4,3,8,1,7,3,1,3,3,1,15,2,4,8,2,6,3,10,1,2,1,0,13,9,29,21,5,16,14,17,30,25,24,27,31,46,67,34,16,16,6,4,12,14,10,6,1,0,5,1,2,8,3,2,1,1,1,0,1,3,8,2,1,3,6,9,4,7,1,4,26,87,137,34,4,6,7,9,18,13,17,2,6,2,3,6,8,3,2,1,1,1,0,3,2,1,5,1,0,0,4,0,1,1,2,1,10,5,3,1,1,0,2,2,3,3,6,11,17,19,30,18,5,4,2,1,0,0,0,1,24,28,58,16,2,4,5,0,2,0,0,0,4,0,2,1,0,2,0,0,0,0,2,1,0,0,0,3,2,3,3,0,1,0,0,1,2,0,3,1,1,2,1,0,0,1,0,0,1,0,0,0,2,1,0,1,1,2,0,0,1,1,2,1,1,1,2,1,1,0,1,2,1,1,0,0,0,1,0,0,1,1,4,0,0,0,0,0,0,0,0,1,0,0,0,0,0,0,0,0,0,0,0,0,0,0,0,0,0,0,0,0,0,0,1,1,1,2,0,0,0,0,0,0,0,1,0,0,1,0,0,0,1,0,1,0,0,0,3,1,0,0,0,0,0,0,0,2,2,3,0,3,3,0,1,0,2,2,3,0,0,2,0,0,0,1,0,2,0,0,0,0,0,0,0,0,0,0,1,0,0,0,0,0,0,0,0,0,0,0,0,0,0,0,0,0,0,1,1,0,0,0,0,0
"Nakhon Pathom",59,50,51,12,3,6,8,9,10,7,11,25,56,67,85,34,25,25,54,100,82,72,57,38,97,111,102,62,50,23,51,26,35,32,36,22,40,86,95,50,39,49,35,83,130,100,92,104,120,146,116,68,21,39,27,39,44,55,42,43,98,131,94,79,35,44,54,104,91,84,101,71,82,85,77,47,21,24,22,23,30,20,12,14,19,36,50,27,21,32,38,63,56,101,92,102,150,109,129,58,20,20,25,12,15,16,7,10,15,12,8,6,4,7,6,4,3,11,14,8,68,84,62,25,20,24,30,38,30,35,19,41,92,150,133,17,10,21,25,10,19,12,7,21,15,12,17,10,5,2,11,7,3,2,3,3,3,6,20,20,6,6,5,6,3,7,9,14,58,127,180,64,19,17,16,17,13,7,8,5,7,10,15,3,4,4,2,6,5,1,0,0,4,5,11,2,2,2,4,1,6,7,8,2,3,1,6,3,6,0,1,2,9,22,9,7,31,32,36,11,4,6,5,3,5,0,4,2,4,2,3,2,4,3,0,1,3,2,1,2,4,3,2,1,5,5,2,1,5,0,3,4,5,6,8,2,0,3,4,2,3,5,4,0,14,30,31,22,9,10,8,7,7,2,2,0,5,7,3,3,2,3,5,1,4,9,3,4,3,5,7,5,4,1,8,10,3,7,4,3,12,9,7,5,2,3,2,3,3,2,6,6,2,0,2,2,0,2,1,0,1,1,0,1,1,1,2,0,1,0,2,0,1,0,0,0,3,0,2,1,0,0,1,1,1,2,0,0,0,1,0,1,0,1,3,1,0,1,2,1,0,0,0,0,0,0,1,0,0,0,0,0,0,0,2,0,0,4,1,0,0,0,1,0,0,1,2,0,0,0,0,1,1,0,0,0,0,0,0,1,0,0,0,0,0,0,0,0,0,0,0,0,0,0,0,0,0,0,0,0,0,0,0,0,0,1,0,0,0,0,0,0
"Nakhon Phanom",5,16,35,32,37,17,9,17,24,31,20,6,21,49,31,31,25,7,16,16,13,6,5,1,10,5,23,20,11,9,19,24,8,29,6,7,98,191,346,192,128,61,27,11,5,17,5,5,23,32,56,18,4,0,3,6,9,0,0,0,11,31,46,38,45,62,130,269,360,287,106,53,39,43,79,74,33,18,10,9,14,14,6,8,3,1,7,7,24,21,12,5,4,8,12,25,28,24,36,27,20,13,12,12,70,17,20,11,48,26,12,14,45,30,31,33,105,105,84,43,27,31,28,12,12,6,7,2,2,4,2,2,4,6,6,11,33,22,15,23,4,9,1,7,13,20,40,69,47,88,119,88,73,78,35,12,46,32,51,37,56,19,28,17,25,23,11,17,14,20,19,20,14,16,14,23,18,30,29,24,59,49,94,39,7,30,80,119,66,23,15,15,15,7,17,9,8,3,14,7,2,2,1,0,4,7,4,3,1,3,4,1,10,13,4,4,6,5,10,10,4,4,4,6,6,2,6,3,7,1,6,3,3,1,5,11,6,1,3,1,6,4,1,1,2,2,1,1,0,2,4,4,10,14,18,4,1,1,7,1,2,1,1,2,2,0,3,0,0,2,1,2,0,1,0,1,1,1,1,0,3,0,2,0,2,0,0,0,4,1,1,2,1,2,1,0,1,1,2,0,2,3,2,1,1,2,1,4,6,1,0,0,0,0,0,5,3,1,1,0,1,0,0,0,2,0,0,0,0,1,1,0,0,0,0,0,0,0,2,0,0,1,0,1,0,0,0,0,2,1,1,1,1,0,0,0,0,0,0,0,1,2,0,1,2,0,0,1,0,1,0,0,0,0,0,0,0,0,0,1,0,1,0,0,0,2,2,0,2,0,1,0,1,0,1,0,1,1,1,2,1,2,0,0,0,0,0,0,0,1,0,2,4,1,1,1,0,0,0,1,0,0,0,2,0,0,1,1,1,0,0,0
"Nakhon Ratchasima",127,187,312,224,100,115,69,86,79,45,52,43,106,171,219,167,120,120,68,69,59,56,56,59,99,182,201,113,82,92,84,73,45,63,50,39,90,180,362,339,225,235,220,245,206,209,144,133,124,189,214,182,88,147,205,165,180,88,86,90,126,147,151,112,149,166,197,120,107,81,85,112,79,103,120,92,56,66,43,41,28,40,37,22,35,42,90,82,95,152,182,239,226,319,388,267,323,373,534,207,162,115,96,49,35,18,20,9,12,15,28,24,27,36,34,21,36,47,37,76,83,101,153,88,115,100,110,110,100,100,123,105,229,357,566,248,214,319,177,123,62,31,35,27,17,39,90,50,20,16,22,17,26,7,8,5,8,27,59,41,22,31,14,18,11,13,45,67,257,248,514,264,159,261,226,262,196,162,97,119,189,147,123,44,15,22,23,25,37,26,11,5,10,17,26,14,11,16,18,17,21,6,0,0,22,29,46,45,41,50,100,89,179,107,70,128,257,264,339,132,44,37,21,9,9,5,4,0,10,8,9,10,7,20,17,7,6,7,10,2,4,14,5,13,16,19,32,5,7,3,4,2,7,10,10,4,9,7,16,10,5,5,20,67,113,109,175,84,61,91,131,129,112,89,65,101,137,65,54,30,22,13,12,16,12,17,22,17,26,16,25,18,15,21,23,17,20,16,21,17,17,16,11,5,18,9,19,6,11,11,5,5,5,6,3,1,1,0,5,6,5,13,11,5,8,9,15,4,6,4,6,4,6,4,2,1,2,2,8,7,1,3,3,5,8,13,18,13,6,10,12,3,2,1,6,1,7,2,1,4,8,6,2,3,1,1,4,1,3,4,2,8,7,6,4,1,6,5,2,3,5,8,5,6,10,16,16,7,3,2,2,0,3,4,3,3,5,5,2,2,3,1,5,2,0,1,0,1,1,0,0,0,0,1,0,0,1,1,1,0,0,0,1,2,0,0,3,2,1,0,0,2
"Nakhon Sawan",31,28,13,13,6,4,8,2,0,3,2,5,5,16,23,19,14,11,11,14,25,46,30,22,56,78,73,43,23,15,14,11,8,18,10,4,17,35,30,24,8,15,10,30,27,33,28,45,88,104,162,64,47,56,55,64,71,57,75,95,89,71,109,53,20,19,12,17,11,17,7,7,12,12,9,23,22,19,13,16,17,34,25,24,44,61,117,80,68,49,64,53,46,73,84,109,184,193,244,111,52,35,26,25,12,16,9,19,22,28,36,38,28,35,16,20,14,17,22,30,48,84,96,57,39,34,39,46,32,61,39,97,129,155,234,117,31,23,31,19,37,36,13,10,15,22,30,17,5,6,8,5,3,5,3,2,6,16,19,13,9,10,4,8,17,45,44,53,181,301,308,96,37,41,47,20,14,27,33,59,70,59,78,27,16,11,8,14,5,4,8,4,9,5,14,8,3,5,3,10,7,6,2,1,15,18,11,23,15,20,21,18,19,20,22,38,69,77,116,26,8,6,4,2,4,0,2,2,1,9,6,3,3,2,4,9,4,5,2,1,6,23,16,5,4,3,5,0,4,6,5,0,2,7,7,5,4,11,28,34,51,53,23,18,32,61,44,17,11,5,43,31,34,11,3,12,28,17,21,11,5,8,10,7,12,7,16,5,21,12,7,8,7,10,4,6,4,2,0,3,7,6,7,3,9,2,4,8,2,6,8,2,12,13,12,8,14,14,2,5,6,6,3,2,4,7,6,2,7,9,7,6,2,8,4,3,6,11,5,5,9,8,54,40,50,42,23,20,15,25,40,48,16,14,11,15,8,2,9,3,9,12,14,18,13,8,7,10,17,6,4,3,9,6,4,7,7,6,11,26,16,17,11,4,27,21,10,18,17,47,54,63,65,28,19,11,16,11,7,6,5,11,6,6,6,6,2,2,4,5,6,0,2,2,1,4,7,0,3,2,0,3,2,3,6,17,7,11,3,6,3,4
"Nakhon Si Thammarat",10,6,8,3,2,2,1,4,9,9,12,5,6,7,12,15,18,16,19,30,18,44,21,34,25,72,58,28,29,38,47,31,24,31,28,32,24,16,26,13,14,35,55,69,118,135,90,54,64,48,46,33,26,23,22,17,14,22,24,14,14,11,18,18,28,44,74,103,188,151,123,112,75,68,54,14,11,31,33,26,21,26,24,32,27,30,29,28,21,32,65,49,61,93,117,104,112,113,108,46,26,44,43,56,57,78,57,62,57,38,42,25,16,22,18,31,40,47,62,65,47,47,39,19,50,51,91,81,83,65,77,35,50,57,87,37,45,48,42,54,64,64,74,33,32,21,16,13,4,8,1,13,5,16,7,15,25,37,50,19,18,32,50,62,64,109,78,40,56,94,76,39,13,10,11,23,19,20,13,31,39,17,37,26,21,50,47,45,65,65,38,14,26,17,8,8,3,7,5,3,4,4,5,8,8,8,8,4,6,8,8,6,9,10,12,1,30,27,21,11,9,15,13,14,18,43,37,18,14,16,16,16,8,6,11,1,2,5,6,2,9,3,4,3,2,3,3,6,5,9,3,6,10,9,15,8,6,8,17,18,37,28,15,24,26,27,18,17,8,13,12,25,12,2,1,4,6,6,7,8,4,4,5,5,2,10,3,2,14,12,12,4,8,6,3,1,2,1,7,5,4,6,3,3,5,3,3,6,3,4,5,0,7,3,11,9,4,7,4,6,2,2,3,2,1,7,5,4,4,2,1,3,2,1,5,3,1,1,8,7,9,13,19,27,28,30,12,8,11,18,13,7,7,5,9,1,3,5,5,6,2,7,5,5,4,5,8,10,3,3,4,2,2,4,4,8,3,7,6,4,5,13,6,4,6,0,2,4,7,2,5,2,1,3,2,3,0,6,4,3,2,1,2,0,0,4,4,2,2,1,2,2,0,0,0,1,0,0,1,1,0,1,1,1,2,0,0,0,3,1,2,0
"Nan",2,7,7,9,8,5,23,50,50,81,88,78,85,50,47,37,11,6,6,30,65,30,43,6,21,29,22,9,36,69,52,31,23,33,41,53,66,82,61,50,24,65,69,28,32,21,58,31,53,96,113,83,50,48,26,27,14,9,14,10,44,52,67,57,36,15,8,6,5,3,5,4,3,3,3,8,7,10,10,8,5,3,2,0,6,4,9,7,4,7,4,22,29,136,98,93,141,139,119,37,22,7,12,11,8,5,1,1,7,3,4,2,3,2,2,2,2,2,1,3,4,1,2,5,4,14,3,2,0,0,3,0,15,3,2,13,6,8,4,3,4,1,8,58,34,12,14,10,7,3,11,8,1,3,1,0,1,1,3,3,6,42,58,49,76,118,40,33,66,121,119,178,58,68,69,58,56,38,84,152,139,83,32,13,31,43,15,7,2,1,0,1,1,3,1,3,2,1,1,4,0,1,1,1,0,2,7,2,9,4,1,3,1,4,2,1,4,5,0,2,4,2,5,3,2,1,1,3,1,2,2,2,2,2,6,1,0,0,0,1,1,0,1,3,0,1,2,1,0,1,0,1,1,2,0,3,1,2,3,2,4,1,0,1,72,106,34,13,15,48,5,7,1,1,1,0,2,6,9,3,2,2,6,5,2,3,3,1,1,3,2,0,2,4,1,1,1,1,1,0,0,0,2,0,1,1,1,0,0,0,0,2,3,4,7,1,2,2,4,3,0,5,0,1,7,0,5,3,5,10,3,5,0,3,1,2,3,6,9,3,5,6,8,4,6,5,0,2,1,8,8,3,2,3,2,4,4,2,0,2,2,1,1,2,2,1,5,6,2,3,4,4,4,1,4,10,1,1,0,9,3,0,2,2,5,4,6,1,2,3,3,0,0,0,3,1,7,0,5,3,3,3,3,4,2,2,1,0,1,4,0,0,1,4,5,6,3,0,4,2,2,2,0,0,2,1,3,2,0,1,1,1
"Narathiwat",0,1,5,0,5,1,9,5,4,5,7,6,18,16,11,13,5,2,7,6,7,11,19,15,8,20,10,9,8,5,10,21,24,16,15,36,10,21,18,15,15,19,18,9,10,11,15,14,17,11,10,15,7,5,13,11,9,20,18,6,7,4,8,5,9,5,8,12,5,9,6,9,15,5,10,2,2,5,10,18,11,15,10,3,12,0,7,5,3,3,1,15,19,17,11,32,21,19,22,17,6,7,16,33,22,31,14,11,9,9,7,3,2,1,2,2,1,8,1,3,9,6,16,12,4,5,12,15,12,14,6,9,26,20,20,11,3,4,4,3,1,1,1,4,6,1,1,2,8,3,8,16,14,29,15,13,22,9,22,9,3,2,6,2,5,4,2,1,4,4,1,3,1,8,11,1,2,9,6,12,12,12,16,20,10,13,6,31,33,38,16,10,9,4,11,10,9,7,8,11,21,18,13,11,10,7,6,4,6,6,8,16,7,11,11,6,11,11,11,5,4,3,1,0,9,5,2,3,1,2,4,3,0,3,0,8,1,3,5,7,9,2,7,2,3,12,20,21,14,36,20,16,16,18,15,20,10,27,54,61,34,61,21,4,6,18,9,7,6,3,4,6,7,3,4,2,1,11,12,12,6,9,10,7,2,2,6,3,2,1,4,2,7,11,14,12,17,28,34,15,15,37,26,13,11,9,6,5,5,15,7,2,25,123,41,1,2,4,2,2,2,1,2,1,2,4,2,1,1,1,0,0,0,1,2,0,1,2,4,0,3,2,1,1,27,2,4,0,1,2,1,1,3,4,1,2,0,0,0,0,0,0,0,0,0,2,1,1,1,1,1,0,1,0,0,1,2,0,1,1,0,2,0,1,0,1,1,0,0,0,0,1,0,0,0,0,1,0,1,0,2,1,1,0,1,1,0,0,0,0,1,0,0,0,0,0,0,0,0,0,0,2,1,1,1,0,0,0,1,0,0,1
"Nong Khai",12,9,13,12,5,9,10,5,8,1,2,2,5,76,149,16,40,40,33,23,12,7,9,3,65,118,84,22,22,46,46,15,12,12,0,0,8,26,29,26,22,6,10,11,5,3,1,0,9,29,4,1,1,0,3,6,1,0,1,2,24,23,13,18,5,10,30,15,4,4,4,4,26,50,22,1,3,2,2,0,2,1,0,5,7,6,5,4,8,16,10,21,3,8,16,25,37,46,22,9,12,31,28,12,7,5,7,6,8,7,10,6,14,12,11,12,11,9,9,11,11,8,40,26,17,15,25,13,8,5,15,9,11,4,11,19,8,20,19,11,5,4,0,1,0,2,12,5,1,3,5,4,3,4,2,0,2,3,3,5,0,3,5,1,1,6,38,7,26,33,39,20,11,19,14,4,14,2,0,3,0,4,7,2,1,1,1,0,0,1,0,2,0,2,1,0,4,1,1,0,0,0,1,1,2,1,5,2,0,4,22,74,35,18,14,7,40,82,26,13,8,9,2,4,2,4,4,2,3,2,0,1,0,1,0,0,1,0,0,0,1,0,3,3,0,2,2,1,1,1,0,1,2,3,1,1,0,1,0,0,0,0,0,1,1,1,3,2,0,1,1,0,0,0,0,0,1,3,3,1,0,3,0,1,0,2,0,1,0,0,0,1,0,0,1,1,2,0,2,0,0,0,1,2,1,8,6,2,0,0,0,0,2,0,1,1,9,1,1,0,0,0,0,0,0,0,3,0,0,1,1,1,1,0,0,0,1,0,0,0,0,0,0,0,1,0,0,0,0,0,0,0,0,0,0,1,0,0,0,0,1,1,0,0,0,0,0,0,0,0,0,0,0,0,0,0,1,0,0,0,0,0,0,0,0,0,0,0,0,0,0,0,0,0,0,0,0,0,0,0,3,0,2,0,0,0,0,0,0,0,0,0,0,0,1,0,0,0,0,0,0,1,0,0,0,1,0,0,0,0,0,0
"Nonthaburi",52,47,19,12,4,1,2,5,2,5,6,7,10,29,45,30,23,31,22,40,37,69,28,35,90,142,118,61,15,23,28,33,22,40,35,16,58,57,32,32,18,27,31,53,54,79,56,38,54,134,117,46,37,24,39,57,108,90,85,66,86,80,72,23,12,19,19,27,21,28,49,20,71,78,64,33,15,10,5,7,12,20,17,22,33,36,55,31,24,32,49,62,72,93,74,47,52,56,35,23,9,4,7,4,15,23,11,12,17,14,11,10,1,8,7,5,9,18,16,27,27,55,41,15,26,15,16,16,20,37,24,20,41,55,103,17,5,8,15,12,9,7,5,5,4,15,17,12,3,2,2,7,1,3,3,2,4,10,27,10,6,2,1,5,2,7,18,20,103,179,144,38,13,10,4,5,8,4,8,4,8,8,5,2,7,6,10,1,1,1,4,1,2,7,9,2,5,4,0,4,3,3,4,5,6,9,7,7,3,4,12,12,22,20,9,4,22,20,10,4,2,2,6,1,2,1,2,1,7,5,1,0,3,2,1,1,3,4,1,2,5,4,3,6,1,3,2,9,5,5,4,5,8,8,3,6,1,9,5,5,16,15,13,3,9,11,10,5,3,2,4,1,4,4,3,1,2,3,5,7,5,2,6,10,9,6,4,6,4,6,4,1,2,1,1,2,7,2,7,4,6,3,4,1,2,3,6,8,5,2,1,5,0,0,3,0,0,0,0,0,1,0,0,0,3,2,3,11,4,1,1,5,3,0,1,1,1,2,2,1,1,1,1,1,0,0,0,0,4,26,3,2,0,0,1,0,0,1,0,0,2,1,0,0,0,4,1,0,0,1,0,0,0,0,0,0,0,0,0,0,0,0,0,1,5,1,2,0,1,1,0,0,0,0,0,0,1,0,0,0,0,0,0,0,0,0,0,0,0,0,0,0,0,0,0,0,1,0,1,1,2,0,0,1,0,0,2,1,0,0,0,0
"Pathum Thani",31,38,26,10,4,17,6,5,5,6,3,5,17,27,26,17,11,28,14,18,24,30,23,33,45,69,66,16,12,13,16,12,9,19,18,20,19,31,43,23,4,11,6,15,29,59,49,28,36,91,64,27,15,23,15,36,27,72,74,48,49,53,46,24,8,6,3,9,12,18,27,15,22,59,38,22,15,6,8,5,16,9,10,10,38,36,33,27,12,27,45,86,102,106,88,47,63,67,41,10,9,4,9,2,6,10,10,7,21,13,34,12,7,1,3,3,7,13,10,7,27,18,36,10,1,12,4,8,12,7,16,16,38,50,105,56,10,7,8,12,13,4,2,5,15,11,9,8,2,4,2,2,1,0,4,3,17,14,39,9,3,2,6,13,7,3,12,15,84,74,67,21,8,5,5,10,4,3,12,16,29,21,20,3,5,8,3,4,4,2,2,0,5,4,9,4,0,2,3,5,6,4,9,5,4,7,22,4,7,4,11,43,49,43,31,18,20,15,25,9,5,1,7,4,2,5,4,2,8,5,4,2,2,10,1,6,3,1,3,5,3,6,8,2,3,1,1,3,2,6,3,3,5,4,5,7,4,4,8,3,17,12,10,6,21,40,28,12,3,2,5,0,6,1,0,0,4,4,1,3,2,3,26,51,40,19,7,3,8,9,2,2,0,1,3,3,1,1,0,1,1,5,1,0,1,1,0,1,1,3,2,0,2,8,6,2,0,1,1,1,1,5,0,1,2,0,1,0,1,0,2,2,3,0,0,0,2,2,4,3,4,4,8,8,13,14,7,3,21,23,16,3,5,16,7,6,1,2,3,3,2,3,4,3,1,2,4,2,2,3,2,2,3,4,5,3,7,6,3,4,1,4,9,1,4,5,1,2,4,3,2,4,1,5,4,3,2,4,2,2,2,0,2,2,1,2,0,1,0,3,3,3,1,1,1,2,1,2,1,0,0,1,2,0,0,2,0,0,0,0,0,1
"Pattani",0,1,0,3,0,2,6,3,4,4,4,1,3,9,2,9,6,6,3,4,15,3,2,0,4,6,20,15,5,9,9,27,14,20,10,9,6,5,4,9,5,2,2,2,2,8,7,7,5,9,15,6,3,11,11,17,7,2,1,1,8,6,3,7,5,5,1,10,8,15,15,16,10,25,11,4,4,6,12,4,7,8,16,8,14,4,6,4,6,8,13,12,10,2,4,2,15,5,10,5,0,6,4,6,10,26,18,12,36,26,9,7,4,4,7,9,15,5,8,10,13,28,25,9,9,7,10,13,15,12,17,14,20,10,13,2,3,5,2,2,0,6,6,11,5,6,8,8,9,6,9,7,8,6,6,3,9,4,4,4,2,2,5,1,1,0,0,3,3,2,1,0,2,1,7,7,7,12,18,17,9,13,15,9,3,4,8,7,6,2,1,3,2,0,0,0,0,0,1,0,1,1,1,4,2,1,6,3,3,1,2,10,31,15,17,10,6,3,3,2,0,2,2,1,3,2,1,1,1,2,1,2,2,0,0,1,0,1,2,2,3,4,4,4,1,5,6,10,10,43,25,24,30,27,23,22,12,23,49,35,25,33,30,17,11,11,3,2,7,6,20,6,4,4,4,7,4,3,1,5,1,12,4,3,4,5,3,0,5,5,8,9,8,6,6,5,4,2,9,8,18,7,12,7,16,27,18,27,21,14,6,1,1,0,0,0,0,5,0,0,0,0,2,2,3,1,3,3,3,5,2,1,1,2,2,1,0,2,3,1,2,2,4,2,1,1,0,0,4,2,1,1,5,3,1,2,0,1,1,0,1,0,0,0,2,2,4,2,0,0,0,0,5,2,4,3,0,0,0,1,0,0,0,0,0,0,0,0,0,9,5,7,2,0,0,1,2,0,0,1,2,5,1,3,3,0,0,1,0,1,0,0,1,1,0,0,1,1,2,0,0,2,0,0,0,0,1,1,0,1,1,0
"Phangnga",6,0,3,2,1,0,4,3,3,4,0,5,5,1,6,16,17,11,10,3,3,12,12,7,16,19,27,8,30,25,15,9,7,17,21,38,40,26,25,12,11,9,11,15,18,32,29,18,32,25,34,8,7,7,12,5,12,20,12,10,5,8,7,13,7,4,13,9,4,6,10,8,4,3,9,3,7,14,6,3,5,2,0,0,1,5,4,7,2,9,29,46,23,19,32,48,36,30,36,10,24,8,7,4,3,5,8,2,6,4,6,4,4,2,2,4,4,3,4,5,2,8,8,2,6,5,4,7,6,26,26,27,29,37,24,6,3,0,2,3,2,3,2,0,2,1,0,2,2,0,3,1,3,1,0,0,2,1,8,7,6,4,5,7,3,14,7,2,7,2,17,7,5,10,12,8,6,10,4,0,2,1,4,2,4,12,0,16,14,25,12,3,12,6,6,1,3,1,2,4,1,0,1,2,1,1,1,4,0,2,2,1,1,1,1,0,6,3,4,0,2,3,1,1,0,1,1,0,0,3,0,3,2,1,18,15,1,1,0,1,1,0,0,1,1,0,1,0,0,0,0,0,1,0,1,0,0,1,0,1,0,1,1,0,0,0,2,2,0,0,1,0,0,0,0,1,0,0,0,0,0,0,0,0,0,0,0,0,0,0,1,0,0,0,0,0,0,0,0,0,0,1,1,1,0,1,1,0,0,0,0,1,3,0,7,2,1,1,2,1,2,0,1,0,0,0,0,0,0,1,0,1,1,1,0,0,7,5,2,3,6,5,9,12,32,34,20,6,10,14,21,3,4,1,1,4,1,1,2,3,3,2,3,2,1,1,2,3,0,0,1,1,4,0,1,1,0,1,2,2,7,1,0,2,1,3,2,3,1,5,5,16,9,6,3,3,5,11,19,9,1,4,6,2,2,3,2,4,3,6,5,0,2,4,2,2,4,5,0,0,0,4,7,1,4,2,4,2,0,0,0,2
"Phatthalung",1,0,1,5,3,5,3,12,9,14,7,5,25,26,29,10,17,24,36,11,19,5,5,6,13,34,8,11,9,11,4,9,3,2,7,7,6,4,11,9,4,11,19,19,50,27,32,37,35,20,23,23,17,3,13,9,7,15,12,8,17,11,11,6,5,9,7,6,3,14,2,9,28,35,28,24,16,10,7,14,12,17,9,11,19,17,19,12,13,14,14,14,20,15,5,8,21,37,26,8,6,5,2,20,22,12,29,20,27,12,21,10,7,10,12,9,5,14,29,21,25,19,16,7,9,10,6,9,7,8,5,4,6,3,4,13,1,4,3,2,0,1,3,5,18,5,11,6,7,13,61,38,38,55,36,53,45,32,32,11,10,16,23,25,13,29,19,8,12,10,8,6,9,6,2,7,7,15,4,14,16,22,21,12,7,7,8,16,11,16,10,3,1,0,2,1,1,2,1,1,1,4,4,0,3,2,6,6,2,4,4,1,8,3,1,1,1,2,1,0,0,1,0,6,4,2,5,2,0,0,2,1,0,2,2,1,6,3,0,2,2,5,3,3,1,0,1,1,0,1,3,3,1,9,22,9,5,18,131,42,32,34,43,29,22,17,16,7,4,4,6,7,1,2,1,1,2,2,3,2,1,0,2,0,2,2,1,3,3,2,2,1,1,2,0,0,5,0,1,1,1,4,7,0,1,1,1,3,0,3,1,3,0,4,1,0,1,3,1,2,2,9,2,2,5,2,1,2,3,11,4,3,2,2,4,7,7,4,1,9,4,0,2,0,3,0,1,2,2,1,3,3,1,1,0,2,0,1,4,1,0,2,1,0,1,0,2,2,1,1,2,0,0,0,1,1,0,1,0,2,1,0,2,0,2,2,0,1,1,1,2,1,3,0,2,2,5,7,2,1,1,2,3,1,2,1,1,0,1,2,4,0,0,2,0,1,3,2,1,1,1,0,1,0,0,0,1,0,1,0,1,0
"Phayao",0,6,2,3,1,1,5,4,4,16,15,25,15,18,35,25,12,7,5,1,3,3,0,0,2,3,4,7,11,15,21,20,5,5,4,11,9,25,18,30,13,34,19,37,4,8,10,5,30,24,46,23,13,17,19,20,11,12,17,12,8,16,16,15,15,16,7,9,14,13,6,20,20,31,28,17,6,10,11,10,8,1,4,0,2,7,2,2,6,34,25,17,11,26,59,10,126,67,40,26,9,13,11,8,3,1,3,2,0,1,4,0,4,5,1,0,2,1,0,1,3,1,0,4,5,12,12,3,3,4,5,9,12,9,20,11,6,6,7,3,4,0,0,1,3,13,20,5,4,3,1,5,3,1,2,3,6,2,6,1,8,8,0,3,1,1,12,20,56,27,50,25,28,66,82,62,29,26,19,9,30,21,46,16,6,3,6,5,5,4,5,0,2,2,2,1,1,3,1,5,0,1,0,0,2,1,0,6,0,4,1,12,12,9,6,6,5,1,3,3,4,2,2,2,1,0,0,2,3,3,4,3,3,3,3,4,3,1,1,0,0,4,1,0,0,2,0,0,0,1,1,1,0,0,1,0,1,0,0,0,2,1,0,1,6,1,5,8,20,8,1,7,1,1,2,5,2,4,16,4,4,2,2,2,2,2,0,3,1,2,12,9,2,7,7,4,2,1,0,2,1,1,1,4,1,2,1,0,1,0,0,1,2,2,3,2,1,1,1,1,4,14,24,4,15,8,6,4,12,5,16,17,21,30,36,27,48,38,57,47,18,8,14,16,6,8,7,9,23,26,43,30,10,6,8,6,5,17,14,21,17,15,20,13,5,6,2,0,4,1,3,0,5,2,3,3,1,0,8,2,10,21,65,81,150,108,108,28,25,7,7,6,3,2,2,1,3,7,3,1,3,1,3,2,5,5,4,4,2,2,2,3,3,3,3,4,2,1,1,1,1,0,1,1,0,3,2,0,0,3,1,0
"Phetchabun",12,52,78,54,40,28,13,6,8,8,14,11,12,59,91,61,41,20,11,10,4,2,6,16,45,47,53,40,17,7,16,27,2,3,3,0,8,40,34,28,11,8,6,12,15,19,15,15,50,95,69,75,57,41,39,52,23,20,21,12,35,44,37,16,16,14,12,15,12,14,9,12,12,22,24,20,13,16,10,13,16,10,6,4,14,8,17,7,14,34,18,39,39,54,73,23,152,179,171,64,29,38,23,19,10,4,3,3,13,17,24,14,7,20,19,7,18,18,31,63,150,105,104,59,23,20,33,27,12,25,8,27,16,23,40,31,8,7,10,17,4,7,7,7,6,24,33,13,12,15,11,9,2,5,2,2,5,15,33,18,3,7,4,2,5,9,10,16,98,97,142,63,23,19,32,67,54,43,20,26,35,32,40,19,8,12,10,10,4,2,4,2,1,7,11,9,11,0,4,5,4,1,1,1,4,5,7,5,9,23,23,57,33,34,19,40,103,126,97,25,18,34,38,34,32,49,28,13,8,15,12,2,11,2,7,5,7,13,12,5,5,7,5,8,2,10,7,5,7,3,0,1,4,7,9,14,7,6,11,6,3,2,1,5,68,27,10,4,2,9,3,4,6,6,5,2,2,5,11,4,3,7,7,1,1,11,9,7,16,10,4,7,2,8,6,8,5,9,2,1,3,9,4,3,4,8,13,6,4,5,4,1,6,2,9,7,9,3,7,4,3,3,4,3,4,5,4,4,4,2,4,3,5,1,1,3,4,3,2,0,12,15,17,11,11,4,4,7,3,3,2,4,1,3,6,0,1,1,2,2,5,4,2,2,0,0,2,2,0,1,2,0,1,0,1,2,0,3,5,2,2,1,1,1,1,5,2,4,2,14,30,5,4,5,13,6,4,0,1,1,2,2,1,1,0,1,0,2,0,0,2,1,1,1,0,0,1,0,0,0,0,0,0,0,0,0,1,3,1,0,1,0
"Phetchaburi",25,24,26,6,3,3,4,4,2,4,2,3,2,5,8,3,4,3,7,19,21,7,2,4,30,31,34,18,9,8,13,9,14,12,5,4,6,4,17,8,7,5,13,11,20,13,11,15,40,54,40,22,6,10,12,10,5,11,7,3,39,12,17,9,19,24,44,17,31,24,11,13,14,13,18,7,3,4,8,11,13,28,14,8,24,29,44,25,9,16,20,28,20,27,14,42,61,78,67,20,15,9,22,20,10,9,9,20,33,36,35,23,5,3,4,4,2,2,2,3,5,3,6,9,13,11,10,27,39,88,42,44,99,62,101,42,6,12,12,8,9,2,1,3,3,5,17,5,6,2,3,2,3,4,0,2,11,15,22,7,7,14,12,18,11,10,10,14,17,19,37,21,4,13,17,31,44,30,18,31,26,13,20,4,3,3,0,1,1,0,0,1,9,0,5,4,1,1,1,0,4,7,2,0,5,5,6,7,10,11,7,24,56,45,21,14,12,3,9,4,1,8,4,4,3,0,1,1,0,1,0,0,0,1,2,0,0,1,0,0,0,0,1,2,0,0,1,1,1,1,1,1,1,0,0,2,2,4,3,8,8,2,1,2,15,12,5,9,3,1,1,1,0,1,1,0,1,1,0,0,0,1,1,0,1,1,0,0,1,0,1,1,0,3,0,0,1,2,1,1,1,0,2,0,3,1,2,0,0,0,1,1,0,5,2,1,1,0,1,3,3,0,0,1,1,0,2,0,0,0,0,0,0,0,2,0,0,0,0,3,2,2,7,2,6,2,2,1,5,2,3,2,6,7,3,4,3,1,1,4,5,0,5,2,8,4,2,3,1,1,1,0,2,3,0,2,1,1,9,12,6,8,0,0,0,1,1,2,2,0,4,0,1,3,2,1,0,0,0,0,0,0,0,0,0,0,1,0,0,0,0,0,0,0,0,1,0,0,0,0,0,0,1,0,1,0,7,0,1,1,0,0
"Phichit",24,19,44,17,5,6,8,0,1,9,3,5,5,10,11,11,9,13,18,19,28,37,36,28,29,53,66,28,10,7,8,3,6,5,3,2,1,7,24,11,6,9,11,10,8,11,18,11,47,83,75,49,38,55,56,39,37,32,23,7,23,19,28,12,9,3,7,8,4,2,4,3,8,7,13,14,7,11,4,2,1,12,3,9,29,50,44,27,20,11,13,16,16,14,21,35,43,42,59,28,12,18,12,8,9,4,5,5,29,9,8,16,7,2,0,5,7,8,10,0,12,7,24,21,17,13,11,22,9,12,22,21,70,67,80,35,13,12,12,8,10,5,4,22,16,15,13,8,8,3,1,2,4,2,1,1,6,11,9,9,7,4,5,6,13,7,6,5,30,52,63,24,8,10,11,10,13,50,6,7,18,13,11,4,6,5,1,3,0,1,0,0,1,3,2,1,2,2,1,1,2,3,3,5,8,9,6,5,5,1,0,7,5,4,4,3,7,9,15,14,0,8,7,3,2,0,1,8,2,5,5,0,2,0,2,1,0,3,0,1,0,3,4,3,2,3,1,3,1,0,2,4,2,1,1,1,0,2,0,1,1,0,0,0,5,6,6,6,1,2,1,0,1,3,0,1,3,1,0,4,3,3,0,3,4,2,2,2,2,2,2,3,0,1,1,4,2,2,0,0,4,5,1,1,3,0,0,2,1,0,0,4,0,8,19,7,5,4,2,2,0,3,0,0,0,2,8,4,0,1,0,2,1,1,0,0,2,5,3,0,2,1,0,2,1,7,1,0,1,4,6,4,25,12,3,2,3,1,1,2,1,0,0,0,1,2,0,0,0,0,1,0,1,1,1,2,2,0,0,0,0,0,0,1,3,3,1,2,2,0,1,0,0,1,0,1,0,1,1,0,1,0,0,1,0,0,1,0,2,0,2,0,0,0,1,0,1,0,0,0,0,0,2,0,0,0,0,0,0,1,0,2
"Phitsanulok",41,65,97,63,28,25,22,17,12,13,21,13,12,45,94,65,57,78,114,58,59,60,84,74,257,225,250,145,58,38,99,41,37,14,21,10,30,53,33,21,6,8,9,19,14,14,9,8,91,124,200,137,58,74,119,71,69,61,49,73,80,74,145,110,71,27,42,22,35,17,23,14,27,44,49,41,34,69,52,38,16,11,10,10,15,19,31,25,19,23,33,42,39,51,121,109,194,209,282,145,46,75,51,47,30,21,25,8,19,15,18,18,15,16,18,20,21,27,28,17,54,47,85,53,26,76,40,50,38,77,68,43,70,74,143,46,15,22,23,26,11,6,9,10,13,25,44,25,11,8,18,13,11,9,5,7,9,11,36,11,20,22,17,13,38,27,41,49,111,165,213,110,98,126,92,53,40,41,13,29,103,69,79,37,16,16,18,15,7,9,1,3,9,2,7,9,3,2,6,4,6,1,2,1,5,7,6,15,10,3,9,14,25,25,20,44,128,128,117,33,11,4,14,8,11,10,7,5,5,8,6,5,6,7,9,9,7,4,4,3,6,14,17,8,8,9,2,7,3,3,5,0,7,8,10,7,6,0,8,4,3,5,4,7,10,18,70,6,5,9,10,5,4,4,0,0,1,1,3,3,3,2,2,2,4,3,5,6,6,3,7,7,2,2,3,4,7,0,1,1,1,3,3,5,2,1,4,6,2,0,4,2,3,4,1,2,1,1,2,1,1,0,1,0,0,2,1,0,1,3,1,1,1,1,0,0,0,0,4,1,1,0,0,1,1,1,4,3,7,17,7,2,0,3,1,1,1,2,2,1,1,1,0,1,2,0,0,1,1,1,1,1,0,0,0,0,0,0,0,0,0,0,0,0,0,1,1,0,0,3,0,1,0,0,0,0,0,2,1,0,0,1,0,1,0,0,0,0,0,0,0,0,1,0,0,1,0,0,0,0,0,0,0,0,0,0,0,0,0,0,0,0
"Phrae",17,11,16,15,1,6,15,12,9,6,4,4,8,13,26,29,27,22,21,24,28,16,26,13,70,96,77,42,18,16,18,5,10,9,12,12,33,46,60,37,24,13,32,49,82,116,87,70,73,97,118,71,49,63,63,73,48,73,67,52,59,70,88,44,25,19,19,27,24,17,30,34,35,35,45,22,18,19,14,7,15,18,21,19,34,40,49,30,17,26,45,72,95,114,114,92,132,93,85,13,12,15,16,13,10,22,13,13,6,12,17,13,13,13,11,5,17,33,33,27,30,36,43,29,19,17,37,33,23,42,59,60,72,66,96,66,13,11,7,15,15,16,16,15,32,9,10,7,3,7,5,5,1,2,2,4,12,17,19,3,5,10,18,8,10,16,18,21,102,156,182,82,7,8,6,4,8,16,5,14,20,13,21,8,3,2,3,4,3,2,2,2,4,9,20,4,1,6,6,2,6,3,4,0,12,20,37,22,9,7,8,18,31,15,21,11,19,21,39,17,3,2,6,6,4,4,5,2,5,7,5,2,4,7,1,1,5,5,6,3,9,19,23,17,8,5,5,7,3,9,5,3,9,6,16,3,5,4,4,2,10,5,7,6,47,52,54,12,1,2,5,8,5,3,5,2,5,7,8,11,5,17,4,16,4,0,4,1,9,3,6,2,3,6,13,11,4,3,3,1,5,1,7,1,5,1,1,3,0,3,4,4,2,6,1,0,1,3,0,0,1,1,0,0,0,0,1,1,2,1,1,3,0,0,0,0,0,0,1,0,0,45,17,4,2,0,0,1,1,2,0,2,2,1,6,1,0,1,2,0,1,5,3,1,0,3,8,4,1,0,0,2,1,1,1,2,1,3,2,4,4,0,0,1,1,1,2,0,0,1,5,2,0,0,1,2,1,1,1,1,4,0,3,3,3,2,1,1,0,0,0,0,0,3,0,1,0,0,0,1,0,0,1,1,0,0,0,1,0,1,0,1
"Phra Nakhon Si Ayutthaya",13,8,13,5,1,3,14,4,1,2,1,2,0,16,13,6,11,24,28,11,10,9,6,7,18,41,33,19,7,20,21,17,13,23,12,8,15,28,28,20,5,16,27,15,14,11,19,34,70,137,97,95,67,39,44,28,16,15,8,21,62,101,120,51,37,51,72,36,29,23,9,11,12,14,14,19,13,10,4,5,1,1,6,4,5,5,10,4,15,18,54,61,66,30,28,11,32,21,27,10,4,2,2,1,1,2,0,0,4,3,3,1,0,7,1,1,1,0,2,2,3,4,2,2,1,2,6,4,3,1,2,0,7,13,30,16,7,10,6,1,3,0,3,3,1,5,6,4,1,0,0,0,1,2,0,0,1,1,2,1,1,2,1,2,4,6,1,5,18,68,91,47,11,16,11,12,12,6,11,9,14,9,16,12,11,8,2,1,4,0,3,3,3,2,2,4,2,4,0,3,1,0,0,0,1,7,3,2,7,5,8,10,4,9,5,5,7,19,28,14,7,11,5,10,1,0,0,1,0,0,3,0,3,5,2,3,2,0,2,1,4,3,3,3,3,2,5,0,2,1,2,1,1,0,2,0,4,1,3,1,2,0,5,4,24,10,11,7,1,4,34,27,50,14,2,2,2,3,5,3,1,0,2,2,1,0,1,0,1,0,3,0,0,0,7,1,0,1,2,1,10,4,2,1,2,0,3,0,3,2,1,1,1,0,3,2,2,2,4,3,8,6,36,20,21,35,37,18,5,10,2,3,2,5,2,4,4,13,13,3,3,6,4,6,1,2,1,2,4,11,6,9,6,3,5,0,1,4,0,1,0,1,1,0,0,1,5,3,1,0,1,0,1,1,1,0,3,2,4,1,0,0,0,2,6,2,21,49,8,15,7,19,20,18,11,6,4,3,5,6,2,7,8,5,5,5,1,0,0,2,0,0,0,0,2,7,5,1,0,0,1,0,1,1,1,0,1,1,1,0,0,1
"Phuket",3,6,18,13,3,3,5,4,1,4,2,0,2,1,1,0,4,1,4,21,21,32,14,11,13,16,9,10,11,4,8,1,3,13,3,5,4,4,6,9,8,4,3,10,4,8,6,0,2,6,19,5,8,2,4,14,5,16,17,16,21,11,9,10,7,7,14,13,5,1,5,5,8,10,4,2,1,2,0,0,3,1,0,1,1,1,2,0,1,4,8,7,11,15,41,45,71,99,90,54,11,6,6,38,34,28,12,10,8,4,12,10,3,3,5,1,1,3,9,21,20,11,16,6,5,6,10,4,10,18,2,1,17,21,44,18,2,6,6,4,0,1,2,2,2,1,2,4,7,10,2,0,3,4,1,0,0,0,0,2,2,8,13,17,50,76,18,8,3,3,3,4,2,2,1,0,0,0,2,5,7,5,3,1,3,8,3,6,10,22,7,10,19,29,9,4,4,2,0,1,2,3,2,0,1,1,2,0,0,5,2,2,0,2,0,0,1,0,2,2,1,1,2,0,0,0,0,0,3,1,1,0,1,1,0,1,1,0,0,0,0,1,1,0,0,4,2,0,0,1,1,0,1,3,0,1,0,2,0,0,3,5,1,1,0,0,0,0,1,0,0,1,0,0,0,0,0,0,2,3,0,0,1,0,1,1,0,0,1,2,0,0,0,1,0,0,1,1,1,0,1,1,0,1,3,0,1,0,0,3,0,4,1,3,2,6,4,4,4,4,2,0,1,0,2,1,1,2,3,5,1,1,1,0,1,4,3,1,2,3,4,4,1,3,7,3,2,0,6,11,6,2,4,1,7,3,1,3,4,2,3,2,2,0,0,2,3,5,1,0,2,0,3,2,1,3,2,2,2,1,0,0,3,22,4,1,4,3,0,1,2,3,1,3,1,3,0,1,0,1,0,0,0,0,0,0,0,1,0,0,0,0,0,0,0,0,0,0,0,0,0,0,0,0,0,0,1,0,0,0,0,0
"Prachin Buri",49,51,62,35,27,46,34,31,18,28,22,29,34,36,58,49,25,44,31,37,23,34,24,10,39,30,60,34,19,27,31,27,4,12,4,10,28,48,69,40,42,53,47,31,50,57,58,57,78,127,101,59,26,48,66,90,85,72,47,47,24,29,32,27,35,28,18,19,12,18,12,13,16,18,24,20,25,20,7,15,7,11,18,17,20,49,69,30,18,46,39,60,70,102,102,90,118,179,155,84,28,33,12,12,17,2,4,11,24,31,25,23,8,10,4,11,9,9,26,11,35,30,33,46,73,146,198,230,165,131,91,59,62,65,111,31,21,14,5,5,15,6,2,3,9,9,10,5,8,4,4,2,3,1,1,4,2,19,20,17,7,5,5,10,11,7,13,24,25,79,68,44,30,33,86,31,18,14,3,4,3,0,2,2,2,0,1,4,0,0,0,0,1,0,2,0,0,2,3,2,0,0,0,0,1,0,6,1,0,4,3,8,14,40,21,31,34,41,37,19,3,1,2,4,14,10,1,1,4,3,4,3,0,1,1,1,7,2,0,1,3,4,14,3,12,5,8,22,5,7,9,2,19,32,35,24,14,3,6,3,2,9,10,6,7,8,4,7,6,2,1,4,0,4,2,0,4,3,1,7,5,4,1,7,12,9,11,1,6,4,2,3,3,5,6,20,5,10,12,6,0,2,1,0,1,1,2,1,1,1,2,1,3,0,1,0,1,2,1,0,1,3,1,2,2,0,1,0,0,1,1,1,0,3,1,2,1,0,1,0,1,1,0,0,2,5,2,3,1,1,0,2,4,1,0,1,1,2,0,2,3,4,0,0,2,1,0,0,1,0,0,0,0,0,2,1,0,1,1,1,0,6,2,2,1,0,1,0,0,3,1,1,2,7,2,2,0,0,1,3,1,0,1,0,0,0,1,0,0,1,1,0,3,0,1,2,0,0,0,0,0,1,1,1,0,2,0,1,1,5,0,2
"Prachuap Khiri Khan",8,8,7,3,6,4,1,4,0,2,0,10,2,9,9,2,2,8,2,10,5,5,7,13,46,56,84,66,22,35,12,25,10,15,29,20,34,28,74,27,11,12,6,9,6,10,7,14,25,27,18,17,5,14,9,15,14,17,22,8,25,52,80,48,25,27,38,27,41,37,26,60,76,126,89,36,18,32,21,18,22,17,20,16,15,15,19,10,7,8,50,65,75,52,18,22,28,23,17,8,14,11,14,24,14,8,14,11,17,11,11,11,0,2,10,6,5,26,17,32,15,15,34,9,9,3,9,22,29,47,24,33,52,63,87,35,11,10,10,14,19,24,4,5,4,5,10,5,5,8,6,8,1,2,4,8,41,16,14,9,9,3,15,2,5,17,8,15,37,56,65,25,14,19,28,31,40,14,7,13,40,26,38,11,13,16,8,7,3,3,1,1,0,1,4,4,3,3,1,0,2,1,3,5,10,16,76,14,15,16,23,32,67,101,51,49,22,20,13,7,7,13,17,1,4,1,3,5,2,3,2,3,1,10,2,7,16,1,1,2,1,5,4,4,5,1,4,3,5,4,3,1,2,2,3,3,3,3,0,2,4,1,4,1,9,4,16,4,0,0,1,3,0,0,1,1,0,0,1,1,0,0,2,0,2,0,1,1,4,0,1,0,0,1,0,2,2,0,0,0,2,0,1,2,0,2,0,0,0,1,0,0,3,5,3,3,6,6,6,8,5,2,0,0,21,15,10,7,7,6,8,6,3,3,3,3,5,7,7,10,8,5,11,7,4,4,10,10,18,19,19,8,6,21,11,1,5,4,2,3,6,4,6,1,10,4,15,15,5,9,1,0,4,5,13,31,10,8,3,7,3,5,8,8,12,6,8,18,7,7,4,5,6,1,5,3,5,8,4,17,2,5,4,9,9,2,1,0,5,1,5,3,3,7,3,3,3,2,1,1,2,1,4,3,2,2,3,3,10,2,0,0
"Ranong",0,0,0,1,0,3,1,0,0,0,1,0,2,1,3,0,0,6,3,8,2,8,8,5,11,5,10,10,4,8,1,8,4,5,0,0,3,3,8,5,8,1,1,5,0,0,0,1,1,5,9,1,1,2,3,2,4,1,4,0,2,2,3,2,2,5,21,26,15,13,7,10,4,3,3,7,0,1,1,2,2,3,1,6,10,3,1,4,8,2,1,1,4,5,18,45,26,10,14,9,5,10,14,32,22,11,14,3,10,10,4,0,3,1,2,0,0,3,2,0,1,4,5,7,2,3,1,1,3,4,19,6,13,10,13,15,6,10,12,9,2,6,8,2,8,7,10,7,1,1,2,2,0,0,1,0,1,1,0,2,7,12,11,18,11,24,18,10,17,13,6,3,0,1,2,0,1,0,1,0,0,3,3,4,3,3,1,1,1,0,0,0,0,1,2,1,3,1,1,0,0,0,0,0,1,2,2,0,0,1,0,0,1,1,1,0,5,3,11,5,6,3,6,2,1,6,0,4,1,13,21,7,2,1,3,0,1,1,0,1,2,2,0,0,1,1,1,0,0,1,2,0,2,10,0,1,1,0,0,2,0,0,0,2,1,2,3,1,3,2,0,0,0,0,0,0,0,0,0,0,0,0,0,0,0,1,1,0,0,0,1,2,1,3,2,0,2,2,0,2,9,12,4,2,2,3,2,0,0,0,1,0,12,7,4,1,6,3,2,3,5,3,2,3,3,2,2,3,1,0,1,1,0,0,0,1,2,3,1,6,22,26,45,26,10,6,4,9,8,3,5,6,2,5,5,4,3,2,4,4,1,3,5,6,3,5,4,1,3,3,1,0,1,6,2,1,2,4,6,1,1,0,0,2,4,6,6,0,6,5,7,12,12,7,1,1,4,0,1,2,1,0,1,1,2,0,0,0,0,1,2,1,2,0,2,0,1,0,1,0,0,0,0,1,1,0,1,1,1,0,1,0
"Ratchaburi",50,118,134,70,33,30,32,20,19,31,28,22,23,60,62,23,7,12,20,37,43,30,23,15,47,103,91,44,21,23,16,20,19,45,62,69,128,157,150,61,33,30,20,68,76,68,51,79,142,103,95,46,15,28,60,73,84,98,57,42,59,61,65,27,20,33,35,62,91,84,37,37,84,55,71,33,18,30,36,31,44,39,44,39,54,56,86,77,35,108,84,108,149,142,121,55,98,57,68,34,19,6,9,6,2,12,9,11,16,16,17,9,8,4,8,8,5,4,16,11,68,66,77,36,28,27,50,99,136,118,65,90,157,155,134,58,19,12,11,7,12,6,8,3,6,19,12,12,8,2,1,3,6,2,2,0,2,4,13,13,4,4,3,7,29,23,26,21,75,64,85,47,16,16,37,14,19,10,10,9,25,7,9,9,5,3,10,6,4,5,1,1,0,7,2,1,3,8,14,19,22,19,6,6,14,41,24,11,4,4,12,9,16,26,16,21,43,27,32,16,6,5,4,2,4,0,3,2,7,6,4,3,1,4,9,9,10,30,3,4,11,5,7,2,0,6,3,7,4,15,2,5,3,4,3,1,0,1,2,3,4,4,1,7,29,26,35,11,3,1,3,5,2,4,2,1,3,1,6,7,3,6,1,2,8,3,5,2,1,3,3,5,3,3,3,5,1,2,1,0,0,3,2,4,2,8,2,0,2,2,1,10,0,2,7,2,1,0,4,5,0,10,4,2,1,5,4,14,3,8,4,3,4,4,5,8,2,2,0,3,2,4,1,1,0,3,1,0,0,0,3,2,2,0,0,0,1,1,0,0,0,0,0,1,0,1,0,0,0,0,0,1,0,1,0,0,0,0,0,0,0,0,0,0,0,0,2,0,0,1,0,0,0,1,1,1,0,0,0,0,1,1,0,0,0,0,0,1,0,0,0,0,0,0,0,0,0,0,0,0,0,0,0,0,0,0,0,0,1,0,0,0
"Rayong",10,15,9,8,5,9,2,6,14,19,12,8,17,9,16,13,21,11,13,17,27,22,14,6,18,31,36,23,21,18,22,27,18,21,15,10,24,24,47,26,9,14,13,17,42,58,66,70,139,141,120,56,93,50,52,50,22,29,37,27,25,36,51,40,37,45,42,35,34,22,44,23,39,37,31,28,8,7,5,8,12,16,16,16,21,25,40,33,22,41,54,113,84,159,185,155,143,188,128,55,16,18,25,63,46,25,24,24,17,10,8,7,5,3,5,8,5,6,9,5,36,33,46,12,9,1,8,11,13,27,44,40,89,53,59,37,12,15,10,16,10,13,7,11,14,19,14,4,4,3,4,6,0,1,2,2,9,37,86,26,24,31,62,50,46,41,37,68,230,114,96,38,13,12,12,6,5,9,6,2,6,5,3,3,5,5,4,10,2,7,5,2,5,9,4,6,9,8,6,7,5,12,4,5,4,15,15,9,6,5,8,20,15,32,38,17,35,31,32,10,5,6,7,4,6,1,0,0,8,8,11,1,0,1,4,6,3,1,4,3,4,5,3,6,3,0,1,2,1,4,3,7,2,1,1,3,3,2,4,3,3,1,3,4,11,32,27,12,4,7,3,3,5,2,4,2,4,5,9,6,6,4,5,5,6,7,12,0,5,13,7,2,6,5,6,6,1,10,9,6,19,11,11,7,5,1,2,5,3,5,1,4,6,5,10,9,7,3,5,2,0,2,4,3,3,6,4,0,3,8,10,3,4,3,3,5,12,21,15,13,5,7,7,16,8,15,4,3,5,5,6,7,4,7,9,2,3,7,10,1,4,4,1,3,2,6,12,3,2,2,3,0,1,3,3,7,2,4,7,6,1,4,2,1,3,3,3,3,3,1,4,9,3,11,47,28,28,20,10,11,7,6,7,4,6,7,1,4,4,1,4,4,5,3,2,2,2,1,3,3,3,3,1,0,1,0,5,5,1,0,1,0
"Roi Et",15,11,15,17,9,18,15,10,16,6,16,7,32,47,39,35,21,22,13,13,10,20,12,12,7,17,29,20,18,28,26,19,11,16,20,12,19,50,62,50,28,24,18,33,37,56,52,43,29,78,136,87,71,91,83,109,107,72,89,71,66,39,57,69,48,45,35,23,13,13,32,18,20,31,41,21,21,16,16,6,8,11,6,9,13,14,40,32,36,41,40,65,98,136,142,60,77,75,80,44,28,46,38,21,9,25,14,4,7,9,7,6,13,1,1,3,6,21,13,19,31,37,22,19,13,44,53,60,50,84,68,31,82,70,128,67,25,42,41,15,3,3,5,8,8,16,9,3,6,1,1,1,6,5,3,9,6,9,4,7,0,8,44,126,128,78,110,94,59,86,46,28,41,20,12,16,11,5,10,37,6,4,3,3,8,3,5,4,4,3,1,3,9,20,19,6,5,2,16,10,31,74,49,31,60,75,97,33,11,18,16,19,7,8,5,1,15,7,12,18,6,5,1,1,4,1,1,2,2,3,2,3,4,9,7,6,3,1,0,0,0,2,7,6,1,2,1,1,1,3,1,1,4,0,3,2,5,4,9,7,3,4,3,3,2,2,20,5,4,3,19,6,9,1,0,3,1,2,4,1,0,5,0,3,2,4,5,4,1,3,3,4,2,4,3,2,1,0,0,1,0,1,2,0,1,4,0,0,1,1,0,0,0,0,0,0,1,1,0,0,1,1,0,0,0,0,1,0,2,1,1,1,0,0,2,0,0,0,1,0,0,0,0,2,1,0,2,1,0,2,3,0,2,2,1,0,0,0,1,0,0,0,0,0,1,1,1,2,0,0,0,0,0,0,0,0,0,0,1,4,3,0,0,0,0,0,0,0,2,1,0,2,0,1,0,2,0,1,1,2,1,0,0,0,1,1,0,0,1,1,0,0,2,1,0,1,1,0,0,0,0,0,0,1,0,0,1,0,0,0,0,1
"Sakon Nakhon",1,1,1,0,0,0,0,1,2,6,1,1,0,20,15,9,8,7,7,2,2,0,3,1,1,4,6,5,2,3,5,1,0,1,3,3,0,6,10,16,15,28,17,12,14,16,6,1,11,25,30,15,9,1,9,5,4,2,0,2,3,12,5,6,4,8,6,9,8,9,15,6,14,18,18,13,3,10,8,12,3,2,0,2,4,2,5,6,8,15,13,6,12,14,16,8,41,25,85,34,36,50,107,42,42,38,17,6,25,14,38,4,6,5,4,2,3,4,6,3,10,2,17,8,3,9,6,8,4,10,6,8,5,8,20,9,6,9,4,9,7,15,13,34,28,19,20,4,1,8,6,1,1,1,1,0,2,9,9,3,3,2,2,6,4,2,3,3,17,17,13,19,21,32,48,27,25,20,29,11,9,10,17,14,6,3,3,3,0,0,4,0,1,2,3,3,4,0,1,3,0,0,0,0,0,1,4,1,3,2,2,2,1,2,0,1,2,11,27,7,6,12,12,4,6,6,4,2,7,2,1,0,3,4,4,0,3,0,2,0,0,1,2,0,1,1,1,0,0,0,1,0,0,0,0,1,0,1,0,2,0,1,1,1,0,3,3,0,0,0,1,2,2,1,5,6,7,3,13,2,1,3,1,2,2,0,1,0,9,26,9,4,5,5,12,9,1,2,1,0,17,10,11,7,4,1,7,12,0,2,2,0,6,6,9,8,3,3,1,8,3,12,4,1,5,3,9,5,2,4,3,9,7,5,2,1,8,11,6,4,8,7,24,24,31,28,9,13,21,35,51,26,16,10,3,10,5,6,4,5,6,8,3,4,4,5,4,3,2,9,0,2,4,3,9,8,6,4,4,8,7,4,6,2,4,3,9,5,8,2,4,4,1,5,3,4,1,7,10,6,8,4,2,2,4,2,2,3,4,5,2,2,1,0,0,2,1,0,1,1,2,3,2,0,0,1,2,4,0,3,3,1
"Samut Prakan",70,60,47,4,4,5,4,5,3,2,4,3,10,19,34,22,23,20,28,16,31,64,36,25,93,76,60,37,19,16,29,15,18,26,19,26,24,45,30,28,18,14,14,32,128,161,120,85,185,204,157,60,27,28,40,68,80,95,58,60,102,94,106,43,23,23,71,56,33,47,32,31,65,61,54,29,12,20,21,22,18,29,16,19,51,86,127,57,48,40,132,189,168,158,117,52,60,60,30,11,8,12,7,7,22,15,9,13,14,13,26,23,11,2,3,6,19,46,31,22,107,119,66,28,12,15,21,19,30,53,38,47,97,97,138,41,20,9,10,8,14,11,3,9,2,8,9,7,1,6,11,14,15,7,10,7,36,48,49,25,8,11,11,14,24,36,48,61,165,193,116,50,25,48,15,13,9,7,5,6,23,13,18,7,4,3,4,10,5,6,6,3,5,6,8,2,2,4,5,1,2,15,4,3,17,22,35,7,9,16,6,10,10,26,11,17,20,18,12,9,1,10,4,2,2,4,1,2,4,4,9,0,2,4,1,2,3,1,2,0,3,0,5,2,2,2,5,1,8,9,3,2,3,3,5,4,4,3,0,3,3,9,1,3,18,19,14,8,2,7,3,2,4,2,3,1,7,6,8,4,4,1,3,1,8,13,8,14,28,19,17,10,11,4,2,8,3,2,3,0,11,15,10,5,3,6,7,5,6,10,6,2,9,14,3,4,2,6,3,5,1,3,3,1,5,0,4,0,1,0,1,2,0,0,0,0,1,6,0,4,1,5,9,7,6,21,16,17,26,45,61,26,13,5,2,7,3,3,3,3,3,3,2,4,3,3,1,2,2,0,0,1,5,1,6,1,2,0,3,0,2,1,2,21,32,36,27,8,17,11,6,9,2,2,7,2,2,2,6,3,3,0,3,2,2,1,0,1,4,1,1,0,1,0,0,0,0,0,1,1,0,0,3,4,1,2,2,1,0,0,5,4
"Samut Sakhon",39,41,46,12,10,8,3,6,3,0,3,3,14,15,15,10,8,9,17,8,21,30,31,29,56,95,33,25,11,8,6,17,10,15,24,27,35,43,22,10,6,6,11,15,46,68,18,16,87,91,59,37,10,3,13,21,27,17,31,42,35,44,29,15,4,5,7,9,15,34,35,31,39,64,67,26,18,9,11,6,11,6,13,21,15,27,32,16,8,13,26,27,33,60,39,24,14,32,25,16,11,14,8,12,13,19,7,14,17,24,7,4,0,2,2,1,4,2,2,5,9,14,16,12,9,9,14,16,37,36,34,36,61,49,47,13,8,1,1,2,11,9,3,2,3,0,2,3,1,0,3,0,0,0,0,0,8,8,13,5,5,0,5,4,3,1,2,0,42,93,85,24,9,2,2,5,3,4,5,4,3,3,2,2,0,0,2,1,1,1,4,0,3,2,3,0,3,1,1,1,0,1,1,0,6,15,11,20,5,5,6,12,11,12,26,29,25,23,9,2,0,1,7,6,4,3,1,0,0,0,1,2,0,0,1,0,1,1,0,0,3,4,0,0,0,0,0,3,18,11,9,6,10,4,3,3,0,1,4,1,11,7,2,2,12,10,10,4,2,1,3,9,8,11,7,2,2,3,2,0,0,1,0,1,1,1,3,8,0,3,3,3,3,0,3,4,3,0,0,2,2,0,1,1,1,2,0,4,1,2,8,7,0,0,1,0,0,0,0,1,0,0,0,0,0,0,2,0,0,0,0,0,0,1,0,0,1,1,0,0,0,0,1,0,1,1,0,0,0,2,0,0,0,0,0,0,0,0,0,3,1,1,0,0,1,0,0,0,0,0,0,0,0,0,0,0,0,0,0,1,0,0,0,0,0,0,0,0,0,0,0,0,0,0,0,0,0,0,0,2,0,2,1,0,0,0,0,0,0,0,0,0,0,0,0,0,0,0,0,0,0,0,0,0,0,0,0,0,0,0,0,0
"Samut Songkhram",27,35,32,12,5,17,2,5,13,10,4,3,9,24,7,6,3,5,5,4,6,5,19,29,52,52,53,27,8,19,28,23,12,13,12,11,43,45,45,16,7,10,6,8,13,34,22,16,51,56,72,39,25,10,4,37,58,50,36,38,47,37,39,15,7,8,18,42,11,18,11,5,16,25,32,22,8,14,33,29,30,41,18,22,29,38,34,12,9,10,21,35,39,25,42,30,29,40,20,13,7,13,9,16,9,6,8,4,5,3,2,5,4,2,4,3,2,0,8,2,12,6,12,4,4,4,9,8,17,25,12,31,29,26,37,14,2,2,1,1,2,0,1,1,59,21,31,3,2,3,0,3,0,1,0,8,8,2,4,2,2,0,0,0,1,0,3,2,15,43,65,23,4,5,6,12,12,3,2,0,5,4,16,9,1,1,2,0,0,2,3,1,1,2,1,0,1,7,2,5,1,2,3,0,4,8,14,8,4,20,33,25,38,29,17,8,14,4,9,2,0,0,2,2,1,1,0,0,0,0,1,1,2,1,0,3,1,5,2,1,2,4,4,1,0,2,0,1,1,1,3,0,2,2,1,0,0,1,2,1,2,2,1,4,28,50,25,10,0,1,0,3,0,0,1,1,2,0,1,0,0,0,1,2,0,2,1,1,0,0,1,0,0,1,0,2,0,1,0,0,0,0,2,2,0,0,1,0,0,1,0,1,1,2,11,3,1,1,1,2,7,6,4,0,0,0,3,2,4,3,1,0,2,6,4,3,3,4,7,9,7,5,13,6,10,5,5,5,30,11,6,7,5,1,0,1,0,0,2,0,1,1,3,1,1,0,2,2,3,0,0,3,0,3,3,2,1,3,2,6,0,1,0,0,3,1,2,1,0,2,4,1,0,0,2,0,1,0,0,0,0,1,2,0,0,1,1,0,0,1,0,0,0,0,1,0,0,1,0,0,0,0,0,0,0,0,0,0,0,3,0,0
"Saraburi",27,32,20,6,8,2,1,0,3,13,0,1,37,30,33,25,7,4,14,10,7,10,6,2,37,68,46,20,14,17,7,9,9,5,9,9,6,57,28,10,6,9,5,23,26,23,20,15,46,63,107,52,14,22,23,34,36,57,52,51,74,45,34,16,7,12,9,10,6,5,6,2,9,13,13,10,9,14,4,6,9,12,6,8,8,19,36,5,22,50,104,119,103,216,165,117,107,60,30,10,5,4,2,1,3,3,8,3,5,4,7,6,1,8,3,7,4,3,8,8,11,16,9,10,6,15,12,19,16,28,63,57,97,76,88,29,18,15,17,8,9,4,5,4,8,15,21,4,2,5,3,3,2,1,2,3,3,11,21,10,3,6,12,12,10,12,18,21,72,79,136,74,30,35,43,47,62,51,47,23,24,19,18,8,13,9,10,8,11,17,13,4,9,12,22,7,10,6,4,11,5,6,13,6,13,27,20,17,7,20,32,35,16,21,10,16,51,78,67,24,8,8,10,12,7,12,7,7,16,14,37,18,3,12,6,4,6,2,6,1,2,5,3,10,6,4,6,12,3,0,0,0,5,5,12,4,3,2,8,6,7,12,4,29,118,20,15,11,11,12,10,4,5,8,5,9,4,22,23,5,8,4,6,4,7,3,5,3,2,6,10,4,4,2,3,6,6,4,4,0,4,2,2,1,2,5,4,2,1,2,0,1,1,1,0,1,1,2,0,1,0,0,1,1,2,1,0,2,4,3,1,1,2,0,2,0,2,2,4,4,8,9,1,1,4,2,0,2,2,3,0,5,4,0,1,0,2,2,0,1,1,4,1,0,1,1,1,1,0,2,0,2,3,1,0,0,0,0,0,0,0,0,1,1,1,3,1,1,2,1,0,1,0,0,1,1,0,0,0,0,0,4,2,1,0,1,1,1,10,4,2,2,2,2,2,0,0,1,0,0,0,0,0,1,0,1,1,0,2,1,1,4
"Satun",0,0,0,0,0,0,0,0,1,0,0,0,0,0,1,0,0,0,0,1,0,3,0,0,8,2,0,4,9,0,2,1,5,3,0,3,7,10,0,2,3,4,3,7,2,8,19,12,10,4,5,2,2,8,1,3,0,1,1,0,2,6,3,2,1,4,1,0,2,5,1,2,6,2,9,2,1,5,7,6,5,3,5,5,8,5,2,1,0,0,2,4,4,4,2,0,2,1,2,1,1,1,0,5,4,16,6,20,22,9,9,8,5,9,17,4,6,10,6,6,5,1,4,3,7,14,6,7,5,7,7,6,0,2,15,3,9,3,2,1,2,2,2,0,0,1,6,0,2,0,5,0,0,1,0,21,40,33,29,13,11,11,8,5,5,11,11,0,13,6,3,5,3,0,3,1,3,3,9,8,7,4,1,1,1,1,0,10,4,3,3,5,6,4,1,1,0,0,0,0,0,2,0,1,1,3,6,0,1,0,2,0,1,3,2,1,0,2,5,0,1,1,1,1,1,2,4,0,2,0,1,0,0,0,1,0,0,1,2,2,0,2,1,0,1,0,0,2,3,11,6,1,8,10,25,11,3,2,2,3,1,1,2,5,1,0,1,0,0,2,0,0,1,0,2,0,1,1,0,2,0,2,0,1,0,0,1,0,0,1,1,2,1,0,0,2,2,5,4,1,4,6,9,1,2,3,3,1,5,0,1,0,0,1,1,1,3,1,1,0,2,2,0,1,0,0,0,1,0,1,0,1,0,0,0,0,0,0,0,2,1,0,0,1,1,2,2,3,3,1,0,1,0,1,0,0,0,1,0,0,0,0,0,0,0,0,0,0,0,0,0,0,0,0,0,1,0,1,0,0,0,0,0,0,0,0,0,0,0,0,0,0,0,0,0,0,3,0,0,0,0,0,0,0,0,0,0,0,0,0,0,0,0,0,0,0,0,0,0,0,0,0,0,1,0,0,0,0,0,0,0,0
"Sing Buri",35,31,45,18,11,3,4,3,0,0,2,1,8,2,7,15,13,15,32,43,23,15,7,11,23,19,21,3,4,3,4,3,2,7,2,3,5,9,17,7,5,3,6,3,16,8,8,10,19,38,70,64,28,15,24,27,34,26,38,42,51,60,38,15,4,5,8,7,10,8,9,6,17,18,5,7,3,4,4,2,1,5,4,8,1,5,11,9,14,14,9,10,16,29,47,16,28,35,21,4,3,1,0,5,1,6,1,4,5,10,9,4,0,0,0,0,1,2,7,8,19,21,14,5,4,6,1,4,4,13,8,7,10,16,23,2,2,2,2,2,1,0,2,1,0,1,1,0,0,0,1,2,1,0,0,0,0,2,5,2,1,1,3,1,0,3,1,5,21,22,16,4,1,1,2,1,5,3,1,5,3,15,14,6,4,1,3,0,2,0,0,0,1,2,4,0,1,1,2,0,0,0,3,0,1,2,6,0,6,10,3,1,2,5,4,1,5,3,2,4,3,1,1,0,1,1,0,2,1,1,1,0,1,2,0,0,1,0,0,1,2,0,7,9,0,1,0,0,0,1,0,1,0,1,0,0,0,0,0,0,0,0,0,0,1,9,5,0,0,0,0,0,0,2,0,0,0,0,3,1,0,0,2,2,1,0,4,0,1,1,0,1,0,0,0,1,1,0,0,0,2,0,1,0,0,0,0,0,0,0,0,1,0,1,1,2,4,3,1,1,1,1,0,0,0,2,6,2,7,7,5,4,0,2,0,1,4,8,3,3,1,5,4,4,3,5,10,13,13,14,4,4,7,1,5,4,6,1,0,0,4,0,3,2,3,1,2,2,3,1,0,0,1,6,9,2,0,3,4,2,3,1,2,1,0,0,1,2,1,0,3,3,7,2,0,1,7,3,7,2,1,1,3,1,1,1,1,0,0,0,0,0,0,1,1,3,1,1,0,0,0,0,0,0,0,1,3,3,2,0,1,0
"Si Sa Ket",25,35,70,53,17,22,14,17,3,3,6,4,5,13,28,19,27,29,49,49,27,18,18,31,26,49,93,38,49,39,20,4,11,3,3,1,12,19,38,29,28,25,17,20,12,38,33,20,26,75,145,79,56,78,93,96,41,32,23,33,25,24,30,16,24,46,27,57,38,29,31,21,23,9,10,12,5,4,11,9,4,7,8,9,5,20,64,23,10,27,37,41,72,72,125,79,33,104,150,130,93,53,55,53,24,11,10,10,11,12,8,11,4,11,7,4,2,4,0,8,12,27,26,22,20,49,43,59,41,37,57,18,43,45,82,75,26,28,17,14,6,12,5,7,3,10,5,9,1,5,8,23,11,10,26,18,36,61,62,16,17,64,58,23,65,36,54,33,34,31,27,16,14,21,13,9,5,3,3,2,6,5,5,3,2,2,2,6,8,8,13,15,40,32,41,22,33,47,76,92,53,67,28,8,89,52,29,21,25,27,13,19,16,9,11,14,16,27,14,11,6,6,11,9,3,3,5,1,12,7,3,8,8,4,5,1,0,4,2,0,8,7,17,7,12,7,0,1,6,1,0,1,0,1,3,9,3,1,3,13,2,2,3,0,6,7,6,6,10,11,8,7,7,6,4,1,13,68,67,20,11,6,4,4,10,13,2,1,14,10,13,9,6,8,7,2,9,3,0,2,5,4,4,6,4,7,4,4,3,2,2,1,5,3,5,4,2,6,1,0,1,3,3,1,6,8,8,9,19,11,3,7,3,24,8,8,30,25,23,11,12,8,10,7,4,4,6,8,9,9,7,8,3,4,0,1,2,3,2,3,5,7,7,7,7,9,7,8,5,5,3,5,3,1,3,6,0,5,1,0,3,4,7,11,13,14,25,17,13,3,3,4,3,4,7,5,8,7,5,2,2,3,8,3,6,6,2,1,5,1,5,6,2,4,2,2,3,4,4,2,2,3,0,3,0,2,1,2,0,2,3,3
"Songkhla",6,7,3,7,2,5,8,11,19,8,26,29,57,26,28,16,8,17,10,11,16,18,15,8,8,12,22,25,12,12,15,19,32,32,43,14,34,39,41,25,5,9,9,25,57,54,48,35,58,34,38,38,16,30,50,38,45,45,44,22,30,7,18,12,2,16,10,12,10,14,20,24,65,51,52,25,19,33,40,72,58,31,43,23,22,24,11,12,10,19,17,18,8,10,17,10,13,15,23,14,11,10,29,73,87,124,126,144,118,91,86,41,13,25,5,20,9,9,1,17,16,23,15,18,9,9,11,28,28,21,17,14,17,19,16,16,6,49,16,10,12,28,16,12,1,3,9,3,2,4,10,7,12,13,22,10,24,39,39,30,13,30,31,63,50,45,30,42,63,34,54,18,15,26,27,32,35,25,32,20,29,27,22,5,12,15,8,22,28,24,17,9,13,4,5,8,2,12,12,6,4,7,3,3,6,6,11,8,9,9,4,14,4,2,0,0,20,32,65,18,3,3,0,0,6,1,4,3,5,0,4,6,7,5,3,7,4,4,0,2,7,9,5,2,5,6,16,22,60,69,61,43,35,24,67,41,23,34,21,10,11,23,7,4,19,39,35,22,16,4,24,16,11,14,9,1,3,10,3,6,5,5,0,6,2,3,3,1,6,4,7,11,13,10,35,25,20,21,13,9,6,4,4,5,9,1,4,3,4,3,4,1,1,6,3,1,7,6,10,5,7,0,9,1,0,6,3,4,6,12,3,3,4,5,2,2,6,1,4,6,6,4,7,6,6,2,6,3,7,3,4,4,3,5,2,2,3,0,2,2,0,3,2,1,2,3,1,7,4,3,0,0,5,4,6,6,2,4,2,2,1,3,1,2,3,8,3,3,2,1,3,3,3,0,0,8,2,2,3,0,1,5,6,5,3,0,1,0,0,1,1,0,2,1,2,1,0,2,0,2,3,1,3,1,0,3,5,1,2,1,0,3
"Sukhothai",10,38,110,73,41,28,18,21,14,9,17,19,17,26,53,48,23,47,52,77,87,31,26,34,93,103,114,73,26,28,31,19,15,10,6,2,30,53,33,21,6,8,9,19,14,14,9,8,13,49,72,73,59,140,161,112,99,91,100,70,67,48,59,44,12,25,24,11,8,5,6,7,8,10,5,3,6,22,25,14,20,9,6,12,1,10,17,7,10,18,35,26,15,19,22,24,82,59,146,78,26,16,33,20,16,15,28,30,27,18,23,28,6,7,6,2,4,10,18,17,11,15,28,21,7,21,29,52,41,83,72,105,51,48,85,40,21,30,20,14,10,12,4,5,13,17,14,8,6,2,2,3,4,3,1,2,4,8,27,7,4,4,4,11,13,19,24,48,116,114,108,67,22,17,16,40,29,9,6,10,9,9,14,8,6,6,9,5,1,2,3,1,2,3,2,2,0,2,3,3,2,1,3,12,1,8,19,3,5,12,13,25,18,20,45,54,81,116,88,23,6,6,4,2,3,2,3,1,8,2,10,1,2,2,0,1,2,1,2,1,5,2,4,3,3,3,0,2,0,2,0,1,6,3,3,7,4,4,7,4,5,2,3,3,2,4,2,0,8,10,6,6,2,0,1,2,1,2,3,2,4,2,3,2,4,2,5,10,42,27,21,4,4,1,3,4,2,2,2,0,3,2,6,1,5,1,5,7,2,2,2,1,4,1,10,15,2,0,3,4,2,3,2,1,1,1,1,1,3,1,5,2,2,1,2,0,4,0,5,4,1,4,1,2,0,2,0,0,4,3,3,4,1,2,0,1,2,0,0,2,1,3,1,0,0,1,0,0,0,0,1,0,0,1,0,0,1,0,1,0,2,3,2,2,2,0,0,0,0,0,1,0,2,1,1,0,1,2,1,0,1,0,0,1,0,1,0,1,0,0,0,2,0,1,1,1,0,0,0,1,0,0,0,0,0,0,0,1,0,4,1,0
"Suphan Buri",33,45,92,35,10,13,17,6,10,6,2,2,6,8,30,14,9,19,21,36,37,54,27,50,103,109,92,41,22,11,16,3,17,14,15,2,6,13,21,12,9,6,16,27,36,25,24,24,94,132,80,66,44,32,46,48,45,58,69,53,64,97,86,54,33,42,47,42,30,45,29,21,25,52,39,25,20,6,19,12,18,14,19,20,44,36,67,42,16,26,63,65,57,88,105,78,81,94,88,63,15,13,19,9,7,4,9,7,21,14,13,10,5,5,4,9,9,5,23,15,62,131,131,35,21,32,24,30,24,60,62,56,91,96,131,40,15,29,21,13,13,14,19,13,13,2,13,8,5,4,1,6,3,5,1,11,25,33,61,16,4,5,3,5,4,6,7,11,92,150,150,75,26,32,15,17,14,12,8,6,15,9,8,16,4,2,3,7,3,6,4,4,7,5,8,5,2,4,3,3,5,1,4,3,3,6,8,7,5,2,4,9,16,24,38,82,231,227,209,65,14,6,6,0,4,0,1,0,1,2,4,4,5,4,0,4,4,7,4,0,2,6,8,7,2,32,64,65,20,15,8,7,5,5,9,6,1,7,3,5,6,6,5,2,4,3,9,5,5,3,2,3,3,5,0,1,2,6,5,3,4,5,5,1,6,7,3,3,7,11,10,4,6,9,3,4,0,3,4,1,3,4,4,5,6,2,1,1,2,6,5,4,3,9,15,3,2,3,5,5,2,2,11,0,3,2,1,6,4,3,2,2,0,2,3,3,0,0,1,1,1,6,9,6,6,8,5,9,4,5,8,7,3,3,0,0,1,2,0,0,2,2,2,0,1,3,2,3,2,2,1,2,1,1,1,1,2,4,0,1,2,2,1,1,4,10,9,0,1,2,0,3,1,0,0,0,0,0,0,0,2,1,0,0,1,0,1,0,0,0,0,0,0,0,0,0,0,0,0,0,2,1,0,1,0,0,0,0,0,2,1,0
"Surat Thani",2,7,11,6,4,9,12,35,26,25,20,16,13,19,13,4,12,0,8,1,1,10,5,15,18,5,28,9,23,11,36,31,56,53,37,26,33,19,28,27,11,38,28,38,59,90,71,47,58,46,33,23,14,7,12,16,20,14,5,12,19,13,18,23,13,45,78,62,73,51,66,72,54,41,28,21,2,7,5,9,11,12,14,14,10,23,30,20,25,65,76,72,105,125,160,75,84,70,54,30,20,13,8,9,13,11,6,9,9,5,16,11,16,10,28,26,23,26,10,16,9,11,20,13,12,25,21,73,78,154,81,71,94,71,59,37,30,56,53,34,43,38,26,7,0,10,11,8,3,4,5,9,3,6,8,8,5,29,50,27,13,29,35,30,25,57,40,34,31,32,41,21,12,12,27,25,35,37,37,28,45,58,76,35,7,19,15,60,30,14,11,10,13,4,11,9,10,7,11,13,7,2,2,4,6,2,11,8,4,4,6,6,7,8,11,0,3,8,4,4,4,7,6,7,5,5,3,1,5,8,8,13,2,5,4,8,8,1,3,2,3,2,26,16,4,8,3,5,1,4,4,2,13,36,87,78,19,42,32,73,59,46,30,13,36,55,24,22,7,9,6,3,6,5,3,5,5,3,2,1,4,6,10,8,2,4,1,1,1,6,11,6,4,10,3,11,2,7,7,1,6,4,5,5,1,8,2,1,1,1,3,0,5,10,4,6,5,1,4,3,1,0,0,4,2,2,7,6,9,7,4,3,6,2,7,0,3,5,6,2,7,3,8,2,7,5,14,7,8,1,1,7,10,3,3,2,4,1,0,0,0,0,2,0,1,1,0,2,3,1,1,1,3,0,3,4,3,1,0,1,2,1,4,3,3,9,8,3,7,4,4,7,1,3,4,2,2,5,5,1,4,6,6,1,9,8,4,3,8,18,10,10,12,9,6,1,6,2,0,0,2,0,1,1,1,1,0,1,2,0,0,3
"Surin",45,106,91,43,34,20,20,11,13,11,3,10,4,2,26,42,24,13,14,27,19,8,6,1,9,32,46,31,31,67,42,58,24,30,18,29,40,57,61,48,54,38,46,36,30,28,41,33,48,72,78,89,40,61,66,64,76,45,52,47,25,48,43,48,37,26,35,28,18,17,28,24,31,21,33,25,25,12,20,12,14,31,46,48,77,56,50,46,39,73,69,72,72,67,60,35,62,91,95,61,37,77,42,33,22,8,7,9,23,25,13,12,4,5,15,11,11,9,8,17,13,38,51,38,44,68,72,79,97,76,46,36,53,74,109,51,41,50,44,15,17,14,11,9,7,11,20,12,5,5,7,7,4,8,5,4,5,5,13,8,12,26,33,27,38,68,77,42,58,124,114,64,42,79,76,56,35,23,11,5,4,13,21,6,5,15,21,4,2,1,2,0,10,8,10,8,22,29,28,59,32,40,34,23,131,123,106,36,29,29,41,42,17,47,22,13,29,27,24,15,8,8,4,4,6,6,4,2,2,8,7,4,3,11,9,6,4,5,1,1,6,5,3,0,2,1,2,1,1,4,0,1,0,1,5,4,0,4,9,4,9,14,31,13,80,88,120,69,33,75,63,49,27,32,9,3,16,13,27,16,5,8,6,5,5,13,1,0,14,11,7,13,9,7,4,6,4,5,3,1,2,8,4,1,11,8,8,6,4,2,1,0,8,7,9,7,4,8,3,2,2,4,0,3,2,3,6,9,6,10,3,3,0,2,1,0,2,3,5,4,4,3,1,4,3,7,3,2,10,5,20,7,12,24,8,3,5,4,2,2,4,3,3,7,4,4,8,8,7,3,1,5,2,4,1,1,8,7,6,5,4,3,4,3,6,12,8,6,5,9,6,8,9,4,5,3,6,16,7,3,8,2,8,8,4,4,0,0,1,4,2,3,1,1,0,0,1,1,1,1,0,3,0,4,2,4,1,4,3,1,2,1
"Tak",13,20,54,17,8,11,11,8,5,1,0,2,8,15,8,17,9,4,14,2,2,0,4,3,6,3,5,5,9,4,17,37,9,11,13,23,48,49,53,60,60,72,63,65,81,107,36,27,31,33,11,27,19,37,47,15,26,21,22,19,30,55,51,27,15,17,49,27,23,21,26,15,14,15,28,22,14,41,27,9,8,10,13,10,6,30,40,29,17,28,28,11,17,21,32,37,90,144,173,73,22,48,37,10,7,4,5,4,7,7,5,6,9,5,6,5,1,5,9,25,21,25,68,35,37,38,59,15,14,12,7,7,8,18,18,17,4,6,11,5,7,2,0,0,10,18,20,2,9,12,11,16,9,2,4,8,29,19,21,13,18,24,17,18,4,8,21,27,64,72,57,15,30,22,78,23,11,7,15,5,14,15,17,16,9,8,4,2,3,2,1,1,4,10,12,9,12,13,12,11,2,9,9,9,9,14,21,6,3,7,6,8,10,1,4,2,9,14,22,19,25,14,15,16,4,5,3,2,8,4,5,6,1,1,4,1,1,3,1,1,1,0,3,4,3,6,2,4,2,7,5,7,10,9,12,8,6,11,43,28,16,20,3,4,18,14,21,5,3,5,4,3,1,3,1,1,3,3,2,4,2,3,2,2,3,4,7,4,1,1,7,4,6,17,11,12,8,3,0,5,1,16,35,13,10,3,0,2,9,2,2,2,19,14,11,4,0,3,2,0,0,2,2,0,4,0,7,9,3,11,24,14,5,9,4,0,13,17,12,15,5,8,5,2,1,2,11,11,1,12,11,3,12,9,24,52,56,45,30,22,30,15,8,4,5,3,5,15,6,7,6,5,3,2,4,0,2,1,2,2,2,1,4,16,5,2,11,1,5,4,5,3,2,3,1,2,2,4,4,7,1,0,2,3,2,4,3,3,1,0,0,1,2,0,1,3,0,2,0,0,0,0,0,0,1,1,1,1,0,1,1,0
"Trang",4,0,3,1,4,3,1,3,0,0,2,1,4,8,1,0,0,0,0,0,0,6,6,3,6,6,0,17,11,15,5,6,3,1,1,5,11,7,4,2,11,6,16,28,25,27,14,19,18,3,1,6,4,0,0,1,0,3,6,0,3,6,6,8,5,16,6,13,12,14,26,39,59,58,18,16,7,5,5,19,4,2,2,3,7,4,9,17,11,23,38,99,71,59,57,44,26,19,10,5,1,19,21,8,5,6,4,6,1,1,0,9,7,7,15,14,38,31,23,12,7,5,8,4,6,16,23,32,44,74,112,130,80,40,38,3,8,10,5,6,11,3,4,1,6,5,1,2,5,6,5,10,3,7,10,21,51,38,46,16,39,32,23,19,31,32,34,19,19,11,11,3,4,4,9,6,4,6,4,6,7,13,18,12,15,12,31,65,145,192,80,67,62,29,26,13,8,5,7,4,2,3,2,2,6,7,6,7,2,0,1,4,5,7,4,0,6,2,3,2,0,3,2,6,5,6,1,1,3,1,3,3,2,10,9,1,7,3,0,1,1,3,1,7,1,3,2,3,0,1,0,4,2,1,2,3,2,1,3,1,4,1,1,1,1,5,5,1,0,1,4,2,1,0,3,1,1,0,0,0,1,0,0,1,0,3,1,0,1,0,5,9,5,3,1,0,2,1,5,1,5,5,3,0,1,2,5,7,6,4,0,1,2,1,4,2,1,2,3,2,2,2,5,0,3,2,2,1,5,0,3,3,0,0,1,1,0,1,2,0,3,9,4,4,1,5,3,2,1,0,2,4,2,2,1,1,1,0,0,0,2,0,1,0,2,0,3,2,0,2,0,1,0,1,1,5,1,2,2,0,3,1,2,0,1,1,4,3,4,2,1,0,0,1,0,0,0,0,0,0,0,0,0,0,0,0,0,0,0,0,0,0,0,0,0,0,0,0,0,0,0,0,0,0,0,0,0,0,0,1,0,0
"Trat",12,7,6,11,7,30,24,31,18,12,19,2,0,4,12,9,6,2,1,3,3,3,1,0,4,9,18,16,41,48,72,77,52,34,29,29,16,20,22,20,7,14,11,25,19,15,12,18,18,20,13,10,6,4,12,12,13,11,7,3,5,4,6,6,3,11,15,14,3,2,4,3,4,4,6,6,10,6,3,4,3,3,3,0,8,15,17,12,21,26,15,54,90,113,114,51,80,47,28,24,4,7,2,6,7,5,4,0,5,11,13,6,2,5,4,0,1,0,1,1,10,8,16,10,13,12,12,21,29,20,22,17,14,15,18,11,6,5,10,9,5,1,5,6,6,11,8,3,4,2,3,2,2,3,4,1,5,14,19,9,6,8,15,11,14,22,29,17,58,54,72,40,19,18,5,5,5,0,1,1,6,2,6,10,7,3,2,6,5,9,4,14,8,8,4,3,4,16,10,41,62,77,22,20,3,8,10,8,8,3,3,8,6,9,11,2,2,8,3,4,4,6,7,2,1,0,4,1,0,0,7,5,2,2,2,2,1,2,1,1,3,2,0,0,0,1,4,1,5,3,1,0,1,8,3,6,1,0,0,8,6,3,1,3,1,1,1,4,0,4,4,0,2,0,1,0,0,1,3,1,4,2,2,1,1,2,1,0,0,2,1,0,2,1,1,3,1,1,0,0,2,26,7,6,7,3,0,1,1,0,4,0,1,1,0,1,1,1,0,0,0,2,0,2,0,0,1,1,0,3,1,0,0,0,1,0,2,0,2,1,3,1,0,2,2,4,1,1,1,0,2,2,3,0,0,2,2,0,0,1,2,1,2,2,1,4,5,3,6,1,1,0,0,0,0,5,1,0,0,0,0,0,0,1,0,0,0,0,1,1,0,1,1,0,0,0,0,0,0,0,0,1,0,0,0,0,0,0,2,2,1,0,1,2,1,0,0,0,0,0,0,0,0,0,0,0,0,0,1,0,0,0
"Ubon Ratchathani",45,55,71,56,50,51,38,23,29,12,10,7,5,22,45,30,43,42,29,17,7,14,20,9,24,54,77,73,38,42,23,20,17,23,19,14,22,44,115,79,55,56,40,32,35,45,32,30,30,77,107,107,97,100,70,50,47,43,30,17,43,19,41,64,62,94,94,58,51,55,42,11,25,29,47,41,24,63,60,36,33,20,10,13,14,24,43,51,52,93,235,132,130,110,125,104,159,179,284,164,99,128,68,23,9,11,13,7,15,18,28,14,5,19,9,6,7,8,8,5,11,18,68,67,57,93,64,43,47,42,28,10,26,34,42,43,37,80,89,47,24,8,11,7,13,34,63,24,27,50,41,13,15,13,16,14,21,45,41,26,37,74,71,50,38,64,60,36,56,52,89,62,37,43,42,19,6,7,6,7,8,16,28,17,3,8,14,12,8,8,0,0,4,25,25,6,12,19,15,24,4,2,16,11,24,23,25,16,8,23,29,11,23,13,14,2,37,30,28,12,14,12,14,9,3,3,3,0,1,0,4,2,5,6,5,4,1,6,3,1,7,7,5,9,6,4,3,1,3,0,0,1,2,2,4,3,1,4,6,4,6,9,1,5,2,12,24,11,5,13,25,52,21,8,2,4,4,10,14,5,7,11,5,5,6,0,5,1,6,13,23,19,7,11,28,13,14,10,6,3,4,9,2,7,7,10,8,10,1,6,3,4,7,3,5,6,5,9,32,28,14,22,8,4,11,7,4,3,10,13,10,10,3,2,2,3,1,1,6,4,1,1,5,3,3,5,7,5,5,7,1,3,7,4,2,8,5,1,1,6,2,4,12,9,8,12,8,10,10,6,1,4,2,6,2,2,2,3,3,2,4,3,1,1,2,11,3,1,4,0,3,0,3,2,2,0,3,1,1,2,3,6,3,3,5,0,1,0,3,1,1,1,1,2,1,4,4,2,0,2,0,3,2,0,1,1,7,1,1,3,1,1
"Udon Thani",33,66,113,44,33,12,18,9,10,13,11,12,21,27,30,23,13,44,22,6,8,10,3,3,25,45,91,59,57,47,36,24,12,17,22,12,19,40,64,69,60,45,46,33,28,22,28,16,41,36,72,57,44,66,42,42,41,21,33,19,53,53,96,100,94,58,63,34,22,25,22,14,26,26,41,51,56,68,59,47,24,20,18,19,24,22,30,23,33,29,28,25,29,51,73,48,137,135,218,84,61,54,37,20,17,22,15,10,12,16,24,15,10,17,13,34,36,29,19,21,47,45,49,46,19,58,57,51,42,16,23,27,53,59,70,22,10,21,25,16,10,12,9,5,7,5,37,17,15,3,10,14,12,4,0,4,8,17,38,10,14,11,11,11,20,109,183,107,41,90,92,36,25,49,26,13,2,0,4,0,4,4,4,9,2,1,3,4,1,1,2,2,7,1,2,0,2,1,3,1,3,1,0,2,6,3,8,1,1,2,9,12,11,16,6,3,10,22,32,21,16,10,4,1,6,5,4,0,1,6,2,1,4,5,3,11,6,4,2,4,1,5,10,3,2,27,7,2,2,3,2,3,2,2,2,3,2,4,0,5,27,4,2,1,1,2,2,0,2,2,7,2,2,1,1,0,7,14,20,8,1,1,2,1,3,1,1,0,1,1,1,0,2,2,0,1,1,1,3,1,2,5,2,5,5,1,5,8,3,1,2,1,4,3,4,0,1,1,1,1,3,0,1,0,3,5,7,4,4,3,3,2,2,0,0,0,0,3,4,1,2,1,1,2,1,1,2,2,2,5,8,0,1,4,6,3,4,1,4,2,5,13,5,4,1,3,3,1,4,2,0,2,0,2,1,1,1,1,1,3,0,0,1,0,0,0,0,0,0,0,2,0,1,0,0,0,0,4,2,2,1,2,3,3,1,0,0,0,0,0,0,1,0,2,0,0,1,0,0,0,0,0,0,0,0,0,0,0,0,0,2,0
"Uthai Thani",8,35,60,12,2,3,7,0,0,0,0,0,0,3,15,1,7,2,5,1,2,0,12,3,22,21,29,12,4,2,6,0,9,12,3,3,13,10,10,24,5,3,6,3,10,14,39,46,52,46,64,36,35,20,48,44,39,32,34,77,107,84,60,21,8,6,7,4,3,4,4,6,4,5,14,11,14,6,3,0,1,4,2,5,14,22,30,33,18,18,33,33,41,36,32,33,22,34,34,29,9,12,2,2,4,4,3,2,4,17,7,5,3,5,4,5,10,12,14,24,47,82,139,90,23,25,51,22,17,5,8,9,23,28,43,25,7,8,6,3,4,2,0,3,5,6,11,4,2,0,1,1,0,1,0,1,1,8,18,11,5,3,3,1,0,4,5,3,7,8,9,9,2,3,10,15,20,13,13,19,9,6,11,7,0,0,0,0,0,1,0,0,2,1,2,3,1,1,1,1,3,0,1,4,3,1,4,3,3,4,1,4,3,4,1,0,4,4,5,5,2,0,1,1,3,0,0,2,1,0,2,1,2,6,4,2,1,0,1,2,0,11,6,5,2,2,1,3,5,8,1,3,4,4,5,2,1,3,1,5,3,3,2,4,4,8,8,6,2,0,4,3,17,45,28,14,3,15,41,11,1,1,2,2,1,0,0,1,0,2,1,0,1,3,1,0,0,1,0,0,1,0,1,2,1,0,0,0,2,0,1,3,3,2,1,0,0,0,1,0,0,0,1,0,0,1,0,2,0,3,1,0,1,1,0,0,0,2,1,0,1,3,1,1,0,3,0,1,3,0,3,3,1,2,0,1,0,0,3,1,0,0,2,0,2,1,0,0,2,0,0,0,0,1,1,1,2,1,1,1,0,0,1,0,2,0,1,0,0,1,0,0,0,0,0,0,0,0,0,0,0,0,0,0,1,0,0,0,0,2,0,0,1,0,0,1,0,0,0,0,0,0,0,0,0,0,1,3,0,0,0,0
"Uttaradit",21,38,62,55,18,23,47,19,2,4,5,5,17,16,12,22,11,14,20,33,27,31,39,26,87,80,157,86,47,35,25,23,15,13,12,13,23,25,36,27,11,5,12,7,1,3,11,10,20,42,53,48,38,65,66,63,52,59,43,41,29,31,40,23,26,23,37,26,9,6,7,7,6,11,12,4,1,2,10,5,3,4,0,6,12,17,17,2,12,14,15,27,23,24,27,27,64,71,78,56,61,82,62,33,19,13,12,17,27,9,10,8,5,5,5,12,1,2,0,4,3,5,12,9,9,15,8,5,6,3,21,7,37,44,107,74,31,28,34,57,32,12,19,16,17,15,20,11,2,1,1,2,4,1,2,2,6,9,9,8,4,8,6,3,16,11,3,3,10,75,161,68,89,96,59,44,39,42,9,12,19,16,23,3,7,4,0,4,5,1,2,0,1,2,3,1,3,0,0,1,1,0,0,0,1,1,0,1,3,16,26,22,7,8,12,26,37,31,23,7,5,4,2,3,3,2,4,0,1,1,1,1,5,2,2,2,2,4,2,0,5,4,2,0,1,1,2,8,1,2,3,17,5,2,5,1,2,1,1,0,1,1,0,0,1,2,6,3,5,7,2,1,0,0,1,1,2,2,2,1,0,0,0,1,2,1,3,14,45,47,32,4,0,5,3,3,1,0,0,0,2,2,1,1,1,0,2,3,0,2,1,0,5,12,16,8,3,2,2,2,0,0,0,1,1,2,2,0,0,0,3,0,0,0,1,0,1,4,0,0,0,3,1,6,35,12,3,1,3,25,10,8,1,0,2,2,1,2,1,0,1,2,6,5,3,0,2,2,2,0,1,2,2,1,3,4,1,4,3,1,1,2,1,2,2,1,2,0,0,1,4,1,0,1,1,0,1,1,1,0,0,0,0,0,0,1,1,1,0,0,0,0,0,0,0,0,1,0,1,0,0,0,0,0,0,0,0,0,0,0,0,0
"Yala",4,6,7,14,9,10,13,17,13,9,13,14,9,19,34,15,9,8,20,38,17,15,3,5,5,7,9,8,7,16,8,12,8,21,13,26,49,38,15,13,24,22,9,4,6,19,14,31,48,28,14,14,14,15,9,12,10,13,7,20,35,61,29,18,13,6,17,12,20,11,21,25,29,14,14,5,4,10,6,5,8,7,11,8,3,4,9,5,3,10,11,21,24,23,13,5,8,8,13,9,0,2,4,7,24,14,24,8,25,14,19,10,1,1,1,6,0,3,5,6,10,2,13,7,6,3,2,8,20,13,8,8,16,29,17,6,3,1,2,2,5,4,7,11,5,2,12,8,2,11,20,20,23,34,6,14,5,7,9,6,6,9,3,2,3,6,2,2,0,1,5,1,1,9,13,23,87,65,43,54,24,28,25,15,12,23,18,13,8,7,11,6,6,2,5,4,2,2,2,6,5,4,1,7,17,28,18,4,7,3,5,5,9,12,15,14,23,23,51,18,7,3,5,9,3,2,11,0,1,8,5,1,4,4,4,2,4,4,0,2,8,10,1,2,5,6,17,10,25,48,35,37,33,35,30,27,5,13,13,7,11,7,7,5,3,4,6,6,8,10,2,8,6,5,5,3,3,2,2,7,1,4,3,4,3,1,5,4,17,15,20,17,9,15,13,11,14,10,11,7,6,8,6,2,6,2,4,5,5,4,2,1,4,5,4,2,2,2,3,1,1,1,2,4,8,26,33,32,12,9,33,31,20,37,42,40,38,29,26,18,6,13,17,12,2,2,11,14,9,9,23,11,4,2,6,6,1,3,15,8,8,6,13,2,1,3,2,3,3,0,0,0,1,0,0,1,0,0,1,1,6,37,65,54,100,56,65,18,5,5,4,3,1,1,5,3,1,1,2,2,2,1,0,0,2,0,0,0,2,0,3,2,2,2,2,1,0,0,1,0,1,0,0,0,0,0,0,0,0,0,0,0
"Yasothon",11,20,34,18,18,5,10,12,11,4,3,11,4,4,7,9,11,13,9,7,5,4,6,14,8,43,107,55,39,29,41,22,12,8,6,5,11,22,62,29,34,13,15,7,6,10,5,16,8,14,30,31,36,34,47,32,31,27,25,16,10,11,37,23,21,29,21,7,13,12,23,6,6,21,28,16,9,26,15,15,8,4,4,6,8,8,11,16,11,18,26,18,7,22,63,42,28,29,46,30,36,27,24,44,5,13,10,4,4,8,5,9,4,6,6,11,11,4,3,0,5,15,20,26,27,28,45,17,16,13,13,15,81,71,62,35,33,44,35,12,13,21,13,5,5,3,2,4,3,6,5,5,2,8,3,7,13,6,7,10,2,5,4,4,11,3,2,3,14,26,30,20,19,17,27,13,2,1,1,0,0,4,2,2,3,7,6,4,8,7,2,1,5,8,8,6,1,1,7,19,22,16,8,1,8,20,25,13,9,23,30,14,6,10,3,6,5,12,19,6,2,6,0,2,2,2,0,0,0,0,2,0,0,3,3,2,2,0,3,0,3,0,2,0,0,0,2,0,1,0,1,1,1,6,3,3,0,4,5,0,1,3,0,0,1,2,1,0,2,1,2,3,1,2,5,6,1,6,5,2,1,6,2,1,1,0,2,0,0,2,2,0,3,2,2,4,2,1,0,1,2,6,0,0,0,6,8,0,4,0,1,0,0,0,4,1,0,0,4,3,0,0,1,0,1,1,1,1,0,1,1,0,2,0,1,1,0,1,5,3,1,0,2,3,0,2,0,0,0,1,2,2,2,4,3,0,1,0,1,0,1,0,0,0,1,2,1,0,2,1,0,2,0,2,0,0,2,1,1,2,1,2,0,0,1,2,0,2,3,1,1,0,0,1,2,0,0,0,0,0,1,0,0,0,0,0,1,0,0,0,0,0,0,0,0,0,0,0,0,0,0,0,0,0,0,4,1,0,0,3,1,0
